1.0,0.0
2.0,0.0
3.0,0.0
4.0,0.0
5.0,0.0
6.0,0.0
7.0,0.0
8.0,0.0
9.0,0.0
10.0,0.0
11.0,0.0
12.0,0.0
13.0,0.1
14.0,0.1
15.0,0.1
16.0,0.0
17.0,0.0
18.0,0.0
19.0,0.0
20.0,0.0
21.0,0.0
22.0,0.0
23.0,0.0
24.0,0.0
25.0,0.0
26.0,0.0
27.0,0.0
28.0,6.0
29.0,6.0
30.0,6.0
31.0,7.9
32.0,7.9
33.0,7.9
34.0,8.6
35.0,8.6
36.0,8.6
37.0,8.0
38.0,8.0
39.0,8.0
40.0,9.1
41.0,9.1
42.0,9.1
43.0,8.6
44.0,8.6
45.0,8.6
46.0,8.0
47.0,8.0
48.0,8.0
49.0,5.9
50.0,5.9
51.0,5.9
52.0,6.3
53.0,6.3
54.0,6.3
55.0,5.4
56.0,5.4
57.0,5.4
58.0,5.6
59.0,5.6
60.0,5.6
61.0,5.5
62.0,5.5
63.0,5.5
64.0,5.9
65.0,5.9
66.0,5.9
67.0,5.5
68.0,5.5
69.0,5.5
70.0,5.3
71.0,5.3
72.0,5.3
73.0,5.5
74.0,5.5
75.0,5.5
76.0,5.6
77.0,5.6
78.0,5.6
79.0,5.4
80.0,5.4
81.0,5.4
82.0,5.5
83.0,5.5
84.0,5.5
85.0,5.8
86.0,5.8
87.0,5.8
88.0,6.0
89.0,6.0
90.0,6.0
91.0,5.0
92.0,5.0
93.0,5.0
94.0,5.5
95.0,5.5
96.0,5.5
97.0,5.9
98.0,5.9
99.0,5.9
100.0,5.9
101.0,5.9
102.0,5.9
103.0,5.5
104.0,5.5
105.0,5.5
106.0,5.8
107.0,5.8
108.0,5.8
109.0,5.1
110.0,5.1
111.0,5.1
112.0,6.0
113.0,6.0
114.0,6.0
115.0,5.6
116.0,5.6
117.0,5.6
118.0,5.4
119.0,5.4
120.0,5.4
121.0,5.4
122.0,5.4
123.0,5.4
124.0,5.5
125.0,5.5
126.0,5.5
127.0,5.6
128.0,5.6
129.0,5.6
130.0,5.5
131.0,5.5
132.0,5.5
133.0,5.8
134.0,5.8
135.0,5.8
136.0,5.3
137.0,5.3
138.0,5.3
139.0,6.4
140.0,6.4
141.0,6.4
142.0,5.4
143.0,5.4
144.0,5.4
145.0,6.1
146.0,6.1
147.0,6.1
148.0,5.9
149.0,5.9
150.0,5.9
151.0,5.6
152.0,5.6
153.0,5.6
154.0,5.9
155.0,5.9
156.0,5.9
157.0,5.5
158.0,5.5
159.0,5.5
160.0,5.6
161.0,5.6
162.0,5.6
163.0,5.3
164.0,5.3
165.0,5.3
166.0,5.0
167.0,5.0
168.0,5.0
169.0,5.5
170.0,5.5
171.0,5.5
172.0,5.5
173.0,5.5
174.0,5.5
175.0,5.1
176.0,5.1
177.0,5.1
178.0,5.5
179.0,5.5
180.0,5.5
181.0,5.9
182.0,5.9
183.0,5.9
184.0,5.8
185.0,5.8
186.0,5.8
187.0,5.8
188.0,5.8
189.0,5.8
190.0,5.4
191.0,5.4
192.0,5.4
193.0,5.0
194.0,5.0
195.0,5.0
196.0,5.4
197.0,5.4
198.0,5.4
199.0,5.1
200.0,5.1
201.0,5.1
202.0,5.4
203.0,5.4
204.0,5.4
205.0,5.5
206.0,5.5
207.0,5.5
208.0,5.5
209.0,5.5
210.0,5.5
211.0,5.1
212.0,5.1
213.0,5.1
214.0,5.5
215.0,5.5
216.0,5.5
217.0,5.0
218.0,5.0
219.0,5.0
220.0,5.1
221.0,5.1
222.0,5.1
223.0,5.5
224.0,5.5
225.0,5.5
226.0,5.9
227.0,5.9
228.0,5.9
229.0,5.3
230.0,5.3
231.0,5.3
232.0,5.8
233.0,5.8
234.0,5.8
235.0,5.4
236.0,5.4
237.0,5.4
238.0,5.9
239.0,5.9
240.0,5.9
241.0,5.0
242.0,5.0
243.0,5.0
244.0,4.8
245.0,4.8
246.0,4.8
247.0,5.3
248.0,5.3
249.0,5.3
250.0,5.0
251.0,5.0
252.0,5.0
253.0,5.0
254.0,5.0
255.0,5.0
256.0,5.0
257.0,5.0
258.0,5.0
259.0,5.3
260.0,5.3
261.0,5.3
262.0,5.4
263.0,5.4
264.0,5.4
265.0,5.3
266.0,5.3
267.0,5.3
268.0,5.3
269.0,5.3
270.0,5.3
271.0,5.3
272.0,5.3
273.0,5.3
274.0,5.5
275.0,5.5
276.0,5.5
277.0,5.9
278.0,5.9
279.0,5.9
280.0,5.0
281.0,5.0
282.0,5.0
283.0,5.3
284.0,5.3
285.0,5.3
286.0,5.1
287.0,5.1
288.0,5.1
289.0,5.6
290.0,5.6
291.0,5.6
292.0,5.1
293.0,5.1
294.0,5.1
295.0,5.6
296.0,5.6
297.0,5.6
298.0,5.9
299.0,5.9
300.0,5.9
301.0,5.6
302.0,5.6
303.0,5.6
304.0,4.9
305.0,4.9
306.0,4.9
307.0,5.9
308.0,5.9
309.0,5.9
310.0,5.3
311.0,5.3
312.0,5.3
313.0,5.9
314.0,5.9
315.0,5.9
316.0,5.6
317.0,5.6
318.0,5.6
319.0,5.4
320.0,5.4
321.0,5.4
322.0,5.3
323.0,5.3
324.0,5.3
325.0,5.5
326.0,5.5
327.0,5.5
328.0,5.3
329.0,5.3
330.0,5.3
331.0,5.3
332.0,5.3
333.0,5.3
334.0,5.0
335.0,5.0
336.0,5.0
337.0,5.6
338.0,5.6
339.0,5.6
340.0,5.0
341.0,5.0
342.0,5.0
343.0,5.0
344.0,5.0
345.0,5.0
346.0,5.4
347.0,5.4
348.0,5.4
349.0,5.9
350.0,5.9
351.0,5.9
352.0,5.5
353.0,5.5
354.0,5.5
355.0,5.3
356.0,5.3
357.0,5.3
358.0,5.0
359.0,5.0
360.0,5.0
361.0,5.4
362.0,5.4
363.0,5.4
364.0,5.5
365.0,5.5
366.0,5.5
367.0,5.5
368.0,5.5
369.0,5.5
370.0,5.6
371.0,5.6
372.0,5.6
373.0,5.4
374.0,5.4
375.0,5.4
376.0,5.0
377.0,5.0
378.0,5.0
379.0,5.4
380.0,5.4
381.0,5.4
382.0,5.6
383.0,5.6
384.0,5.6
385.0,5.3
386.0,5.3
387.0,5.3
388.0,5.3
389.0,5.3
390.0,5.3
391.0,5.6
392.0,5.6
393.0,5.6
394.0,4.6
395.0,4.6
396.0,4.6
397.0,5.3
398.0,5.3
399.0,5.3
400.0,5.9
401.0,5.9
402.0,5.9
403.0,5.8
404.0,5.8
405.0,5.8
406.0,5.0
407.0,5.0
408.0,5.0
409.0,5.4
410.0,5.4
411.0,5.4
412.0,5.4
413.0,5.4
414.0,5.4
415.0,5.4
416.0,5.4
417.0,5.4
418.0,5.6
419.0,5.6
420.0,5.6
421.0,5.9
422.0,5.9
423.0,5.9
424.0,5.5
425.0,5.5
426.0,5.5
427.0,5.3
428.0,5.3
429.0,5.3
430.0,5.5
431.0,5.5
432.0,5.5
433.0,5.8
434.0,5.8
435.0,5.8
436.0,6.0
437.0,6.0
438.0,6.0
439.0,5.5
440.0,5.5
441.0,5.5
442.0,5.4
443.0,5.4
444.0,5.4
445.0,5.3
446.0,5.3
447.0,5.3
448.0,5.3
449.0,5.3
450.0,5.3
451.0,5.0
452.0,5.0
453.0,5.0
454.0,5.0
455.0,5.0
456.0,5.0
457.0,5.3
458.0,5.3
459.0,5.3
460.0,5.4
461.0,5.4
462.0,5.4
463.0,5.1
464.0,5.1
465.0,5.1
466.0,5.1
467.0,5.1
468.0,5.1
469.0,5.9
470.0,5.9
471.0,5.9
472.0,6.0
473.0,6.0
474.0,6.0
475.0,5.6
476.0,5.6
477.0,5.6
478.0,5.6
479.0,5.6
480.0,5.6
481.0,6.0
482.0,6.0
483.0,6.0
484.0,5.3
485.0,5.3
486.0,5.3
487.0,5.6
488.0,5.6
489.0,5.6
490.0,5.5
491.0,5.5
492.0,5.5
493.0,5.4
494.0,5.4
495.0,5.4
496.0,5.9
497.0,5.9
498.0,5.9
499.0,5.4
500.0,5.4
501.0,5.4
502.0,5.5
503.0,5.5
504.0,5.5
505.0,5.5
506.0,5.5
507.0,5.5
508.0,5.5
509.0,5.5
510.0,5.5
511.0,5.0
512.0,5.0
513.0,5.0
514.0,5.5
515.0,5.5
516.0,5.5
517.0,5.3
518.0,5.3
519.0,5.3
520.0,5.5
521.0,5.5
522.0,5.5
523.0,5.3
524.0,5.3
525.0,5.3
526.0,5.4
527.0,5.4
528.0,5.4
529.0,5.4
530.0,5.4
531.0,5.4
532.0,5.0
533.0,5.0
534.0,5.0
535.0,5.3
536.0,5.3
537.0,5.3
538.0,5.5
539.0,5.5
540.0,5.5
541.0,5.1
542.0,5.1
543.0,5.1
544.0,4.6
545.0,4.6
546.0,4.6
547.0,5.5
548.0,5.5
549.0,5.5
550.0,5.1
551.0,5.1
552.0,5.1
553.0,5.4
554.0,5.4
555.0,5.4
556.0,5.4
557.0,5.4
558.0,5.4
559.0,5.0
560.0,5.0
561.0,5.0
562.0,5.3
563.0,5.3
564.0,5.3
565.0,5.0
566.0,5.0
567.0,5.0
568.0,5.5
569.0,5.5
570.0,5.5
571.0,5.4
572.0,5.4
573.0,5.4
574.0,5.0
575.0,5.0
576.0,5.0
577.0,5.5
578.0,5.5
579.0,5.5
580.0,5.6
581.0,5.6
582.0,5.6
583.0,5.4
584.0,5.4
585.0,5.4
586.0,5.5
587.0,5.5
588.0,5.5
589.0,5.4
590.0,5.4
591.0,5.4
592.0,5.4
593.0,5.4
594.0,5.4
595.0,5.1
596.0,5.1
597.0,5.1
598.0,5.0
599.0,5.0
600.0,5.0
601.0,5.1
602.0,5.1
603.0,5.1
604.0,5.1
605.0,5.1
606.0,5.1
607.0,4.8
608.0,4.8
609.0,4.8
610.0,5.4
611.0,5.4
612.0,5.4
613.0,5.0
614.0,5.0
615.0,5.0
616.0,5.1
617.0,5.1
618.0,5.1
619.0,5.6
620.0,5.6
621.0,5.6
622.0,5.0
623.0,5.0
624.0,5.0
625.0,5.3
626.0,5.3
627.0,5.3
628.0,5.4
629.0,5.4
630.0,5.4
631.0,6.0
632.0,6.0
633.0,6.0
634.0,5.5
635.0,5.5
636.0,5.5
637.0,5.3
638.0,5.3
639.0,5.3
640.0,5.3
641.0,5.3
642.0,5.3
643.0,5.3
644.0,5.3
645.0,5.3
646.0,5.3
647.0,5.3
648.0,5.3
649.0,5.3
650.0,5.3
651.0,5.3
652.0,5.0
653.0,5.0
654.0,5.0
655.0,5.0
656.0,5.0
657.0,5.0
658.0,5.4
659.0,5.4
660.0,5.4
661.0,5.0
662.0,5.0
663.0,5.0
664.0,5.5
665.0,5.5
666.0,5.5
667.0,5.0
668.0,5.0
669.0,5.0
670.0,5.5
671.0,5.5
672.0,5.5
673.0,5.0
674.0,5.0
675.0,5.0
676.0,5.0
677.0,5.0
678.0,5.0
679.0,5.0
680.0,5.0
681.0,5.0
682.0,4.9
683.0,4.9
684.0,4.9
685.0,5.1
686.0,5.1
687.0,5.1
688.0,5.4
689.0,5.4
690.0,5.4
691.0,6.0
692.0,6.0
693.0,6.0
694.0,5.3
695.0,5.3
696.0,5.3
697.0,5.0
698.0,5.0
699.0,5.0
700.0,5.5
701.0,5.5
702.0,5.5
703.0,4.8
704.0,4.8
705.0,4.8
706.0,5.5
707.0,5.5
708.0,5.5
709.0,5.3
710.0,5.3
711.0,5.3
712.0,5.1
713.0,5.1
714.0,5.1
715.0,5.5
716.0,5.5
717.0,5.5
718.0,5.1
719.0,5.1
720.0,5.1
721.0,4.8
722.0,4.8
723.0,4.8
724.0,6.1
725.0,6.1
726.0,6.1
727.0,5.4
728.0,5.4
729.0,5.4
730.0,5.4
731.0,5.4
732.0,5.4
733.0,5.5
734.0,5.5
735.0,5.5
736.0,6.1
737.0,6.1
738.0,6.1
739.0,5.5
740.0,5.5
741.0,5.5
742.0,5.4
743.0,5.4
744.0,5.4
745.0,5.5
746.0,5.5
747.0,5.5
748.0,5.6
749.0,5.6
750.0,5.6
751.0,5.5
752.0,5.5
753.0,5.5
754.0,5.1
755.0,5.1
756.0,5.1
757.0,4.8
758.0,4.8
759.0,4.8
760.0,5.8
761.0,5.8
762.0,5.8
763.0,5.0
764.0,5.0
765.0,5.0
766.0,4.8
767.0,4.8
768.0,4.8
769.0,5.0
770.0,5.0
771.0,5.0
772.0,5.3
773.0,5.3
774.0,5.3
775.0,5.5
776.0,5.5
777.0,5.5
778.0,5.8
779.0,5.8
780.0,5.8
781.0,5.0
782.0,5.0
783.0,5.0
784.0,5.4
785.0,5.4
786.0,5.4
787.0,5.3
788.0,5.3
789.0,5.3
790.0,5.4
791.0,5.4
792.0,5.4
793.0,5.5
794.0,5.5
795.0,5.5
796.0,5.0
797.0,5.0
798.0,5.0
799.0,5.0
800.0,5.0
801.0,5.0
802.0,4.9
803.0,4.9
804.0,4.9
805.0,5.5
806.0,5.5
807.0,5.5
808.0,5.0
809.0,5.0
810.0,5.0
811.0,5.9
812.0,5.9
813.0,5.9
814.0,5.4
815.0,5.4
816.0,5.4
817.0,5.9
818.0,5.9
819.0,5.9
820.0,5.5
821.0,5.5
822.0,5.5
823.0,5.4
824.0,5.4
825.0,5.4
826.0,5.3
827.0,5.3
828.0,5.3
829.0,5.4
830.0,5.4
831.0,5.4
832.0,5.1
833.0,5.1
834.0,5.1
835.0,5.3
836.0,5.3
837.0,5.3
838.0,5.5
839.0,5.5
840.0,5.5
841.0,5.0
842.0,5.0
843.0,5.0
844.0,5.0
845.0,5.0
846.0,5.0
847.0,6.0
848.0,6.0
849.0,6.0
850.0,5.4
851.0,5.4
852.0,5.4
853.0,5.9
854.0,5.9
855.0,5.9
856.0,5.3
857.0,5.3
858.0,5.3
859.0,5.4
860.0,5.4
861.0,5.4
862.0,5.4
863.0,5.4
864.0,5.4
865.0,5.0
866.0,5.0
867.0,5.0
868.0,5.4
869.0,5.4
870.0,5.4
871.0,5.5
872.0,5.5
873.0,5.5
874.0,5.6
875.0,5.6
876.0,5.6
877.0,5.5
878.0,5.5
879.0,5.5
880.0,5.9
881.0,5.9
882.0,5.9
883.0,5.3
884.0,5.3
885.0,5.3
886.0,5.0
887.0,5.0
888.0,5.0
889.0,5.8
890.0,5.8
891.0,5.8
892.0,5.3
893.0,5.3
894.0,5.3
895.0,5.1
896.0,5.1
897.0,5.1
898.0,5.3
899.0,5.3
900.0,5.3
901.0,5.3
902.0,5.3
903.0,5.3
904.0,5.3
905.0,5.3
906.0,5.3
907.0,5.3
908.0,5.3
909.0,5.3
910.0,4.8
911.0,4.8
912.0,4.8
913.0,5.1
914.0,5.1
915.0,5.1
916.0,5.0
917.0,5.0
918.0,5.0
919.0,5.3
920.0,5.3
921.0,5.3
922.0,5.0
923.0,5.0
924.0,5.0
925.0,5.3
926.0,5.3
927.0,5.3
928.0,5.1
929.0,5.1
930.0,5.1
931.0,5.6
932.0,5.6
933.0,5.6
934.0,5.0
935.0,5.0
936.0,5.0
937.0,5.6
938.0,5.6
939.0,5.6
940.0,5.4
941.0,5.4
942.0,5.4
943.0,5.3
944.0,5.3
945.0,5.3
946.0,4.6
947.0,4.6
948.0,4.6
949.0,5.3
950.0,5.3
951.0,5.3
952.0,5.4
953.0,5.4
954.0,5.4
955.0,6.0
956.0,6.0
957.0,6.0
958.0,5.0
959.0,5.0
960.0,5.0
961.0,5.4
962.0,5.4
963.0,5.4
964.0,5.0
965.0,5.0
966.0,5.0
967.0,5.0
968.0,5.0
969.0,5.0
970.0,4.8
971.0,4.8
972.0,4.8
973.0,5.5
974.0,5.5
975.0,5.5
976.0,5.0
977.0,5.0
978.0,5.0
979.0,4.8
980.0,4.8
981.0,4.8
982.0,5.1
983.0,5.1
984.0,5.1
985.0,5.0
986.0,5.0
987.0,5.0
988.0,5.5
989.0,5.5
990.0,5.5
991.0,5.4
992.0,5.4
993.0,5.4
994.0,5.4
995.0,5.4
996.0,5.4
997.0,5.4
998.0,5.4
999.0,5.4
1000.0,5.3
1001.0,5.3
1002.0,5.3
1003.0,4.8
1004.0,4.8
1005.0,4.8
1006.0,5.3
1007.0,5.3
1008.0,5.3
1009.0,5.9
1010.0,5.9
1011.0,5.9
1012.0,5.0
1013.0,5.0
1014.0,5.0
1015.0,5.3
1016.0,5.3
1017.0,5.3
1018.0,5.3
1019.0,5.3
1020.0,5.3
1021.0,5.0
1022.0,5.0
1023.0,5.0
1024.0,4.5
1025.0,4.5
1026.0,4.5
1027.0,5.3
1028.0,5.3
1029.0,5.3
1030.0,5.4
1031.0,5.4
1032.0,5.4
1033.0,4.5
1034.0,4.5
1035.0,4.5
1036.0,5.4
1037.0,5.4
1038.0,5.4
1039.0,5.0
1040.0,5.0
1041.0,5.0
1042.0,4.6
1043.0,4.6
1044.0,4.6
1045.0,5.3
1046.0,5.3
1047.0,5.3
1048.0,5.6
1049.0,5.6
1050.0,5.6
1051.0,5.0
1052.0,5.0
1053.0,5.0
1054.0,5.0
1055.0,5.0
1056.0,5.0
1057.0,5.4
1058.0,5.4
1059.0,5.4
1060.0,5.0
1061.0,5.0
1062.0,5.0
1063.0,5.0
1064.0,5.0
1065.0,5.0
1066.0,5.5
1067.0,5.5
1068.0,5.5
1069.0,5.3
1070.0,5.3
1071.0,5.3
1072.0,5.4
1073.0,5.4
1074.0,5.4
1075.0,5.0
1076.0,5.0
1077.0,5.0
1078.0,5.4
1079.0,5.4
1080.0,5.4
1081.0,5.3
1082.0,5.3
1083.0,5.3
1084.0,5.3
1085.0,5.3
1086.0,5.3
1087.0,5.0
1088.0,5.0
1089.0,5.0
1090.0,5.0
1091.0,5.0
1092.0,5.0
1093.0,5.8
1094.0,5.8
1095.0,5.8
1096.0,5.4
1097.0,5.4
1098.0,5.4
1099.0,5.4
1100.0,5.4
1101.0,5.4
1102.0,5.3
1103.0,5.3
1104.0,5.3
1105.0,5.0
1106.0,5.0
1107.0,5.0
1108.0,5.3
1109.0,5.3
1110.0,5.3
1111.0,5.5
1112.0,5.5
1113.0,5.5
1114.0,5.4
1115.0,5.4
1116.0,5.4
1117.0,5.1
1118.0,5.1
1119.0,5.1
1120.0,5.4
1121.0,5.4
1122.0,5.4
1123.0,5.4
1124.0,5.4
1125.0,5.4
1126.0,5.4
1127.0,5.4
1128.0,5.4
1129.0,5.3
1130.0,5.3
1131.0,5.3
1132.0,5.3
1133.0,5.3
1134.0,5.3
1135.0,5.0
1136.0,5.0
1137.0,5.0
1138.0,5.5
1139.0,5.5
1140.0,5.5
1141.0,5.5
1142.0,5.5
1143.0,5.5
1144.0,5.3
1145.0,5.3
1146.0,5.3
1147.0,5.3
1148.0,5.3
1149.0,5.3
1150.0,4.8
1151.0,4.8
1152.0,4.8
1153.0,4.8
1154.0,4.8
1155.0,4.8
1156.0,6.0
1157.0,6.0
1158.0,6.0
1159.0,5.0
1160.0,5.0
1161.0,5.0
1162.0,4.9
1163.0,4.9
1164.0,4.9
1165.0,5.5
1166.0,5.5
1167.0,5.5
1168.0,4.8
1169.0,4.8
1170.0,4.8
1171.0,5.5
1172.0,5.5
1173.0,5.5
1174.0,6.0
1175.0,6.0
1176.0,6.0
1177.0,5.6
1178.0,5.6
1179.0,5.6
1180.0,6.5
1181.0,6.5
1182.0,6.5
1183.0,6.5
1184.0,6.5
1185.0,6.5
1186.0,6.1
1187.0,6.1
1188.0,6.1
1189.0,5.9
1190.0,5.9
1191.0,5.9
1192.0,6.0
1193.0,6.0
1194.0,6.0
1195.0,5.9
1196.0,5.9
1197.0,5.9
1198.0,6.4
1199.0,6.4
1200.0,6.4
1201.0,6.4
1202.0,6.4
1203.0,6.4
1204.0,6.3
1205.0,6.3
1206.0,6.3
1207.0,6.1
1208.0,6.1
1209.0,6.1
1210.0,6.5
1211.0,6.5
1212.0,6.5
1213.0,6.0
1214.0,6.0
1215.0,6.0
1216.0,6.3
1217.0,6.3
1218.0,6.3
1219.0,5.6
1220.0,5.6
1221.0,5.6
1222.0,6.6
1223.0,6.6
1224.0,6.6
1225.0,6.0
1226.0,6.0
1227.0,6.0
1228.0,6.4
1229.0,6.4
1230.0,6.4
1231.0,6.0
1232.0,6.0
1233.0,6.0
1234.0,6.5
1235.0,6.5
1236.0,6.5
1237.0,5.9
1238.0,5.9
1239.0,5.9
1240.0,6.6
1241.0,6.6
1242.0,6.6
1243.0,6.1
1244.0,6.1
1245.0,6.1
1246.0,6.5
1247.0,6.5
1248.0,6.5
1249.0,6.4
1250.0,6.4
1251.0,6.4
1252.0,6.0
1253.0,6.0
1254.0,6.0
1255.0,5.9
1256.0,5.9
1257.0,5.9
1258.0,6.0
1259.0,6.0
1260.0,6.0
1261.0,6.0
1262.0,6.0
1263.0,6.0
1264.0,6.6
1265.0,6.6
1266.0,6.6
1267.0,6.0
1268.0,6.0
1269.0,6.0
1270.0,6.5
1271.0,6.5
1272.0,6.5
1273.0,6.5
1274.0,6.5
1275.0,6.5
1276.0,6.0
1277.0,6.0
1278.0,6.0
1279.0,6.4
1280.0,6.4
1281.0,6.4
1282.0,6.4
1283.0,6.4
1284.0,6.4
1285.0,6.6
1286.0,6.6
1287.0,6.6
1288.0,6.4
1289.0,6.4
1290.0,6.4
1291.0,6.0
1292.0,6.0
1293.0,6.0
1294.0,6.8
1295.0,6.8
1296.0,6.8
1297.0,6.0
1298.0,6.0
1299.0,6.0
1300.0,6.5
1301.0,6.5
1302.0,6.5
1303.0,6.3
1304.0,6.3
1305.0,6.3
1306.0,6.0
1307.0,6.0
1308.0,6.0
1309.0,6.3
1310.0,6.3
1311.0,6.3
1312.0,5.8
1313.0,5.8
1314.0,5.8
1315.0,6.1
1316.0,6.1
1317.0,6.1
1318.0,6.4
1319.0,6.4
1320.0,6.4
1321.0,6.5
1322.0,6.5
1323.0,6.5
1324.0,6.1
1325.0,6.1
1326.0,6.1
1327.0,6.8
1328.0,6.8
1329.0,6.8
1330.0,6.4
1331.0,6.4
1332.0,6.4
1333.0,6.4
1334.0,6.4
1335.0,6.4
1336.0,6.5
1337.0,6.5
1338.0,6.5
1339.0,6.0
1340.0,6.0
1341.0,6.0
1342.0,6.5
1343.0,6.5
1344.0,6.5
1345.0,6.1
1346.0,6.1
1347.0,6.1
1348.0,6.8
1349.0,6.8
1350.0,6.8
1351.0,6.4
1352.0,6.4
1353.0,6.4
1354.0,6.6
1355.0,6.6
1356.0,6.6
1357.0,6.5
1358.0,6.5
1359.0,6.5
1360.0,6.5
1361.0,6.5
1362.0,6.5
1363.0,6.0
1364.0,6.0
1365.0,6.0
1366.0,6.6
1367.0,6.6
1368.0,6.6
1369.0,6.5
1370.0,6.5
1371.0,6.5
1372.0,5.6
1373.0,5.6
1374.0,5.6
1375.0,6.5
1376.0,6.5
1377.0,6.5
1378.0,6.3
1379.0,6.3
1380.0,6.3
1381.0,6.1
1382.0,6.1
1383.0,6.1
1384.0,5.6
1385.0,5.6
1386.0,5.6
1387.0,6.1
1388.0,6.1
1389.0,6.1
1390.0,6.3
1391.0,6.3
1392.0,6.3
1393.0,6.0
1394.0,6.0
1395.0,6.0
1396.0,6.1
1397.0,6.1
1398.0,6.1
1399.0,6.5
1400.0,6.5
1401.0,6.5
1402.0,6.4
1403.0,6.4
1404.0,6.4
1405.0,6.5
1406.0,6.5
1407.0,6.5
1408.0,6.8
1409.0,6.8
1410.0,6.8
1411.0,6.1
1412.0,6.1
1413.0,6.1
1414.0,6.4
1415.0,6.4
1416.0,6.4
1417.0,8.1
1418.0,8.1
1419.0,8.1
1420.0,8.6
1421.0,8.6
1422.0,8.6
1423.0,8.6
1424.0,8.6
1425.0,8.6
1426.0,8.3
1427.0,8.3
1428.0,8.3
1429.0,9.0
1430.0,9.0
1431.0,9.0
1432.0,8.6
1433.0,8.6
1434.0,8.6
1435.0,8.3
1436.0,8.3
1437.0,8.3
1438.0,8.8
1439.0,8.8
1440.0,8.8
1441.0,8.6
1442.0,8.6
1443.0,8.6
1444.0,9.0
1445.0,9.0
1446.0,9.0
1447.0,8.8
1448.0,8.8
1449.0,8.8
1450.0,8.8
1451.0,8.8
1452.0,8.8
1453.0,8.1
1454.0,8.1
1455.0,8.1
1456.0,8.6
1457.0,8.6
1458.0,8.6
1459.0,8.6
1460.0,8.6
1461.0,8.6
1462.0,8.6
1463.0,8.6
1464.0,8.6
1465.0,8.6
1466.0,8.6
1467.0,8.6
1468.0,8.3
1469.0,8.3
1470.0,8.3
1471.0,8.1
1472.0,8.1
1473.0,8.1
1474.0,7.5
1475.0,7.5
1476.0,7.5
1477.0,8.1
1478.0,8.1
1479.0,8.1
1480.0,8.6
1481.0,8.6
1482.0,8.6
1483.0,8.8
1484.0,8.8
1485.0,8.8
1486.0,8.3
1487.0,8.3
1488.0,8.3
1489.0,8.6
1490.0,8.6
1491.0,8.6
1492.0,8.3
1493.0,8.3
1494.0,8.3
1495.0,8.1
1496.0,8.1
1497.0,8.1
1498.0,8.5
1499.0,8.5
1500.0,8.5
1501.0,9.0
1502.0,9.0
1503.0,9.0
1504.0,8.3
1505.0,8.3
1506.0,8.3
1507.0,8.6
1508.0,8.6
1509.0,8.6
1510.0,8.1
1511.0,8.1
1512.0,8.1
1513.0,8.1
1514.0,8.1
1515.0,8.1
1516.0,8.6
1517.0,8.6
1518.0,8.6
1519.0,8.6
1520.0,8.6
1521.0,8.6
1522.0,8.6
1523.0,8.6
1524.0,8.6
1525.0,8.6
1526.0,8.6
1527.0,8.6
1528.0,8.8
1529.0,8.8
1530.0,8.8
1531.0,8.8
1532.0,8.8
1533.0,8.8
1534.0,8.0
1535.0,8.0
1536.0,8.0
1537.0,8.6
1538.0,8.6
1539.0,8.6
1540.0,8.6
1541.0,8.6
1542.0,8.6
1543.0,8.3
1544.0,8.3
1545.0,8.3
1546.0,8.6
1547.0,8.6
1548.0,8.6
1549.0,8.3
1550.0,8.3
1551.0,8.3
1552.0,8.3
1553.0,8.3
1554.0,8.3
1555.0,8.8
1556.0,8.8
1557.0,8.8
1558.0,8.3
1559.0,8.3
1560.0,8.3
1561.0,8.8
1562.0,8.8
1563.0,8.8
1564.0,8.5
1565.0,8.5
1566.0,8.5
1567.0,8.3
1568.0,8.3
1569.0,8.3
1570.0,8.8
1571.0,8.8
1572.0,8.8
1573.0,8.6
1574.0,8.6
1575.0,8.6
1576.0,8.6
1577.0,8.6
1578.0,8.6
1579.0,7.9
1580.0,7.9
1581.0,7.9
1582.0,8.6
1583.0,8.6
1584.0,8.6
1585.0,8.6
1586.0,8.6
1587.0,8.6
1588.0,8.6
1589.0,8.6
1590.0,8.6
1591.0,8.3
1592.0,8.3
1593.0,8.3
1594.0,8.6
1595.0,8.6
1596.0,8.6
1597.0,8.6
1598.0,8.6
1599.0,8.6
1600.0,8.6
1601.0,8.6
1602.0,8.6
1603.0,8.3
1604.0,8.3
1605.0,8.3
1606.0,8.3
1607.0,8.3
1608.0,8.3
1609.0,8.3
1610.0,8.3
1611.0,8.3
1612.0,8.6
1613.0,8.6
1614.0,8.6
1615.0,8.3
1616.0,8.3
1617.0,8.3
1618.0,8.8
1619.0,8.8
1620.0,8.8
1621.0,8.3
1622.0,8.3
1623.0,8.3
1624.0,8.3
1625.0,8.3
1626.0,8.3
1627.0,8.5
1628.0,8.5
1629.0,8.5
1630.0,8.6
1631.0,8.6
1632.0,8.6
1633.0,8.6
1634.0,8.6
1635.0,8.6
1636.0,8.6
1637.0,8.6
1638.0,8.6
1639.0,8.3
1640.0,8.3
1641.0,8.3
1642.0,8.0
1643.0,8.0
1644.0,8.0
1645.0,8.6
1646.0,8.6
1647.0,8.6
1648.0,8.6
1649.0,8.6
1650.0,8.6
1651.0,8.6
1652.0,8.6
1653.0,8.6
1654.0,9.1
1655.0,9.1
1656.0,9.1
1657.0,9.8
1658.0,9.8
1659.0,9.8
1660.0,9.6
1661.0,9.6
1662.0,9.6
1663.0,9.8
1664.0,9.8
1665.0,9.8
1666.0,10.0
1667.0,10.0
1668.0,10.0
1669.0,10.3
1670.0,10.3
1671.0,10.3
1672.0,9.8
1673.0,9.8
1674.0,9.8
1675.0,9.8
1676.0,9.8
1677.0,9.8
1678.0,9.6
1679.0,9.6
1680.0,9.6
1681.0,10.5
1682.0,10.5
1683.0,10.5
1684.0,10.3
1685.0,10.3
1686.0,10.3
1687.0,10.0
1688.0,10.0
1689.0,10.0
1690.0,10.5
1691.0,10.5
1692.0,10.5
1693.0,9.8
1694.0,9.8
1695.0,9.8
1696.0,10.0
1697.0,10.0
1698.0,10.0
1699.0,10.1
1700.0,10.1
1701.0,10.1
1702.0,10.1
1703.0,10.1
1704.0,10.1
1705.0,10.0
1706.0,10.0
1707.0,10.0
1708.0,9.3
1709.0,9.3
1710.0,9.3
1711.0,10.1
1712.0,10.1
1713.0,10.1
1714.0,10.1
1715.0,10.1
1716.0,10.1
1717.0,10.1
1718.0,10.1
1719.0,10.1
1720.0,10.5
1721.0,10.5
1722.0,10.5
1723.0,9.3
1724.0,9.3
1725.0,9.3
1726.0,9.5
1727.0,9.5
1728.0,9.5
1729.0,9.6
1730.0,9.6
1731.0,9.6
1732.0,9.3
1733.0,9.3
1734.0,9.3
1735.0,9.8
1736.0,9.8
1737.0,9.8
1738.0,9.8
1739.0,9.8
1740.0,9.8
1741.0,10.3
1742.0,10.3
1743.0,10.3
1744.0,10.0
1745.0,10.0
1746.0,10.0
1747.0,9.6
1748.0,9.6
1749.0,9.6
1750.0,10.1
1751.0,10.1
1752.0,10.1
1753.0,9.8
1754.0,9.8
1755.0,9.8
1756.0,9.5
1757.0,9.5
1758.0,9.5
1759.0,10.0
1760.0,10.0
1761.0,10.0
1762.0,9.8
1763.0,9.8
1764.0,9.8
1765.0,10.1
1766.0,10.1
1767.0,10.1
1768.0,10.0
1769.0,10.0
1770.0,10.0
1771.0,9.6
1772.0,9.6
1773.0,9.6
1774.0,9.8
1775.0,9.8
1776.0,9.8
1777.0,10.0
1778.0,10.0
1779.0,10.0
1780.0,9.8
1781.0,9.8
1782.0,9.8
1783.0,9.6
1784.0,9.6
1785.0,9.6
1786.0,10.1
1787.0,10.1
1788.0,10.1
1789.0,9.8
1790.0,9.8
1791.0,9.8
1792.0,9.8
1793.0,9.8
1794.0,9.8
1795.0,9.8
1796.0,9.8
1797.0,9.8
1798.0,10.1
1799.0,10.1
1800.0,10.1
1801.0,10.1
1802.0,10.1
1803.0,10.1
1804.0,9.6
1805.0,9.6
1806.0,9.6
1807.0,10.0
1808.0,10.0
1809.0,10.0
1810.0,10.1
1811.0,10.1
1812.0,10.1
1813.0,9.5
1814.0,9.5
1815.0,9.5
1816.0,9.8
1817.0,9.8
1818.0,9.8
1819.0,9.8
1820.0,9.8
1821.0,9.8
1822.0,10.0
1823.0,10.0
1824.0,10.0
1825.0,9.6
1826.0,9.6
1827.0,9.6
1828.0,9.6
1829.0,9.6
1830.0,9.6
1831.0,10.0
1832.0,10.0
1833.0,10.0
1834.0,10.1
1835.0,10.1
1836.0,10.1
1837.0,10.1
1838.0,10.1
1839.0,10.1
1840.0,9.6
1841.0,9.6
1842.0,9.6
1843.0,9.8
1844.0,9.8
1845.0,9.8
1846.0,9.6
1847.0,9.6
1848.0,9.6
1849.0,9.6
1850.0,9.6
1851.0,9.6
1852.0,9.8
1853.0,9.8
1854.0,9.8
1855.0,10.1
1856.0,10.1
1857.0,10.1
1858.0,9.6
1859.0,9.6
1860.0,9.6
1861.0,10.0
1862.0,10.0
1863.0,10.0
1864.0,9.5
1865.0,9.5
1866.0,9.5
1867.0,9.6
1868.0,9.6
1869.0,9.6
1870.0,9.8
1871.0,9.8
1872.0,9.8
1873.0,9.6
1874.0,9.6
1875.0,9.6
1876.0,9.8
1877.0,9.8
1878.0,9.8
1879.0,9.6
1880.0,9.6
1881.0,9.6
1882.0,9.6
1883.0,9.6
1884.0,9.6
1885.0,10.1
1886.0,10.1
1887.0,10.1
1888.0,10.1
1889.0,10.1
1890.0,10.1
1891.0,9.1
1892.0,9.1
1893.0,9.1
1894.0,9.5
1895.0,9.5
1896.0,9.5
1897.0,10.0
1898.0,10.0
1899.0,10.0
1900.0,9.5
1901.0,9.5
1902.0,9.5
1903.0,10.0
1904.0,10.0
1905.0,10.0
1906.0,9.8
1907.0,9.8
1908.0,9.8
1909.0,10.1
1910.0,10.1
1911.0,10.1
1912.0,10.8
1913.0,10.8
1914.0,10.8
1915.0,11.1
1916.0,11.1
1917.0,11.1
1918.0,11.1
1919.0,11.1
1920.0,11.1
1921.0,10.8
1922.0,10.8
1923.0,10.8
1924.0,11.1
1925.0,11.1
1926.0,11.1
1927.0,11.1
1928.0,11.1
1929.0,11.1
1930.0,11.3
1931.0,11.3
1932.0,11.3
1933.0,10.8
1934.0,10.8
1935.0,10.8
1936.0,11.3
1937.0,11.3
1938.0,11.3
1939.0,11.5
1940.0,11.5
1941.0,11.5
1942.0,11.6
1943.0,11.6
1944.0,11.6
1945.0,11.8
1946.0,11.8
1947.0,11.8
1948.0,11.6
1949.0,11.6
1950.0,11.6
1951.0,11.6
1952.0,11.6
1953.0,11.6
1954.0,11.5
1955.0,11.5
1956.0,11.5
1957.0,11.6
1958.0,11.6
1959.0,11.6
1960.0,12.0
1961.0,12.0
1962.0,12.0
1963.0,11.8
1964.0,11.8
1965.0,11.8
1966.0,11.6
1967.0,11.6
1968.0,11.6
1969.0,11.8
1970.0,11.8
1971.0,11.8
1972.0,11.8
1973.0,11.8
1974.0,11.8
1975.0,12.1
1976.0,12.1
1977.0,12.1
1978.0,12.0
1979.0,12.0
1980.0,12.0
1981.0,11.3
1982.0,11.3
1983.0,11.3
1984.0,11.6
1985.0,11.6
1986.0,11.6
1987.0,11.6
1988.0,11.6
1989.0,11.6
1990.0,11.3
1991.0,11.3
1992.0,11.3
1993.0,11.3
1994.0,11.3
1995.0,11.3
1996.0,12.1
1997.0,12.1
1998.0,12.1
1999.0,12.1
2000.0,12.1
2001.0,12.1
2002.0,11.5
2003.0,11.5
2004.0,11.5
2005.0,11.3
2006.0,11.3
2007.0,11.3
2008.0,12.0
2009.0,12.0
2010.0,12.0
2011.0,11.6
2012.0,11.6
2013.0,11.6
2014.0,11.6
2015.0,11.6
2016.0,11.6
2017.0,12.0
2018.0,12.0
2019.0,12.0
2020.0,11.6
2021.0,11.6
2022.0,11.6
2023.0,11.8
2024.0,11.8
2025.0,11.8
2026.0,12.5
2027.0,12.5
2028.0,12.5
2029.0,12.1
2030.0,12.1
2031.0,12.1
2032.0,11.8
2033.0,11.8
2034.0,11.8
2035.0,11.8
2036.0,11.8
2037.0,11.8
2038.0,12.0
2039.0,12.0
2040.0,12.0
2041.0,12.0
2042.0,12.0
2043.0,12.0
2044.0,11.8
2045.0,11.8
2046.0,11.8
2047.0,11.8
2048.0,11.8
2049.0,11.8
2050.0,11.6
2051.0,11.6
2052.0,11.6
2053.0,12.3
2054.0,12.3
2055.0,12.3
2056.0,12.0
2057.0,12.0
2058.0,12.0
2059.0,11.6
2060.0,11.6
2061.0,11.6
2062.0,11.5
2063.0,11.5
2064.0,11.5
2065.0,11.6
2066.0,11.6
2067.0,11.6
2068.0,12.1
2069.0,12.1
2070.0,12.1
2071.0,11.6
2072.0,11.6
2073.0,11.6
2074.0,12.1
2075.0,12.1
2076.0,12.1
2077.0,12.5
2078.0,12.5
2079.0,12.5
2080.0,11.5
2081.0,11.5
2082.0,11.5
2083.0,11.6
2084.0,11.6
2085.0,11.6
2086.0,11.6
2087.0,11.6
2088.0,11.6
2089.0,11.5
2090.0,11.5
2091.0,11.5
2092.0,12.1
2093.0,12.1
2094.0,12.1
2095.0,11.8
2096.0,11.8
2097.0,11.8
2098.0,11.8
2099.0,11.8
2100.0,11.8
2101.0,11.8
2102.0,11.8
2103.0,11.8
2104.0,12.1
2105.0,12.1
2106.0,12.1
2107.0,12.0
2108.0,12.0
2109.0,12.0
2110.0,11.3
2111.0,11.3
2112.0,11.3
2113.0,11.5
2114.0,11.5
2115.0,11.5
2116.0,11.8
2117.0,11.8
2118.0,11.8
2119.0,11.6
2120.0,11.6
2121.0,11.6
2122.0,11.6
2123.0,11.6
2124.0,11.6
2125.0,11.8
2126.0,11.8
2127.0,11.8
2128.0,12.3
2129.0,12.3
2130.0,12.3
2131.0,11.6
2132.0,11.6
2133.0,11.6
2134.0,11.6
2135.0,11.6
2136.0,11.6
2137.0,11.5
2138.0,11.5
2139.0,11.5
2140.0,12.3
2141.0,12.3
2142.0,12.3
2143.0,12.0
2144.0,12.0
2145.0,12.0
2146.0,12.1
2147.0,12.1
2148.0,12.1
2149.0,11.8
2150.0,11.8
2151.0,11.8
2152.0,12.5
2153.0,12.5
2154.0,12.5
2155.0,12.6
2156.0,12.6
2157.0,12.6
2158.0,13.0
2159.0,13.0
2160.0,13.0
2161.0,13.0
2162.0,13.0
2163.0,13.0
2164.0,13.3
2165.0,13.3
2166.0,13.3
2167.0,13.0
2168.0,13.0
2169.0,13.0
2170.0,13.3
2171.0,13.3
2172.0,13.3
2173.0,12.8
2174.0,12.8
2175.0,12.8
2176.0,12.8
2177.0,12.8
2178.0,12.8
2179.0,13.5
2180.0,13.5
2181.0,13.5
2182.0,13.3
2183.0,13.3
2184.0,13.3
2185.0,13.3
2186.0,13.3
2187.0,13.3
2188.0,13.3
2189.0,13.3
2190.0,13.3
2191.0,13.1
2192.0,13.1
2193.0,13.1
2194.0,12.6
2195.0,12.6
2196.0,12.6
2197.0,13.0
2198.0,13.0
2199.0,13.0
2200.0,13.6
2201.0,13.6
2202.0,13.6
2203.0,13.1
2204.0,13.1
2205.0,13.1
2206.0,13.6
2207.0,13.6
2208.0,13.6
2209.0,13.3
2210.0,13.3
2211.0,13.3
2212.0,13.3
2213.0,13.3
2214.0,13.3
2215.0,13.3
2216.0,13.3
2217.0,13.3
2218.0,13.6
2219.0,13.6
2220.0,13.6
2221.0,13.1
2222.0,13.1
2223.0,13.1
2224.0,13.6
2225.0,13.6
2226.0,13.6
2227.0,12.8
2228.0,12.8
2229.0,12.8
2230.0,13.1
2231.0,13.1
2232.0,13.1
2233.0,13.1
2234.0,13.1
2235.0,13.1
2236.0,13.0
2237.0,13.0
2238.0,13.0
2239.0,13.1
2240.0,13.1
2241.0,13.1
2242.0,13.1
2243.0,13.1
2244.0,13.1
2245.0,13.0
2246.0,13.0
2247.0,13.0
2248.0,13.1
2249.0,13.1
2250.0,13.1
2251.0,13.1
2252.0,13.1
2253.0,13.1
2254.0,12.6
2255.0,12.6
2256.0,12.6
2257.0,12.8
2258.0,12.8
2259.0,12.8
2260.0,12.6
2261.0,12.6
2262.0,12.6
2263.0,12.3
2264.0,12.3
2265.0,12.3
2266.0,13.0
2267.0,13.0
2268.0,13.0
2269.0,12.8
2270.0,12.8
2271.0,12.8
2272.0,13.1
2273.0,13.1
2274.0,13.1
2275.0,13.1
2276.0,13.1
2277.0,13.1
2278.0,12.6
2279.0,12.6
2280.0,12.6
2281.0,12.6
2282.0,12.6
2283.0,12.6
2284.0,12.5
2285.0,12.5
2286.0,12.5
2287.0,12.6
2288.0,12.6
2289.0,12.6
2290.0,12.3
2291.0,12.3
2292.0,12.3
2293.0,12.8
2294.0,12.8
2295.0,12.8
2296.0,12.5
2297.0,12.5
2298.0,12.5
2299.0,12.5
2300.0,12.5
2301.0,12.5
2302.0,12.5
2303.0,12.5
2304.0,12.5
2305.0,12.5
2306.0,12.5
2307.0,12.5
2308.0,12.3
2309.0,12.3
2310.0,12.3
2311.0,13.3
2312.0,13.3
2313.0,13.3
2314.0,13.0
2315.0,13.0
2316.0,13.0
2317.0,12.8
2318.0,12.8
2319.0,12.8
2320.0,13.1
2321.0,13.1
2322.0,13.1
2323.0,12.8
2324.0,12.8
2325.0,12.8
2326.0,12.8
2327.0,12.8
2328.0,12.8
2329.0,12.8
2330.0,12.8
2331.0,12.8
2332.0,12.6
2333.0,12.6
2334.0,12.6
2335.0,12.8
2336.0,12.8
2337.0,12.8
2338.0,12.3
2339.0,12.3
2340.0,12.3
2341.0,12.8
2342.0,12.8
2343.0,12.8
2344.0,12.3
2345.0,12.3
2346.0,12.3
2347.0,12.8
2348.0,12.8
2349.0,12.8
2350.0,12.1
2351.0,12.1
2352.0,12.1
2353.0,12.3
2354.0,12.3
2355.0,12.3
2356.0,12.6
2357.0,12.6
2358.0,12.6
2359.0,12.8
2360.0,12.8
2361.0,12.8
2362.0,12.3
2363.0,12.3
2364.0,12.3
2365.0,12.6
2366.0,12.6
2367.0,12.6
2368.0,12.8
2369.0,12.8
2370.0,12.8
2371.0,13.0
2372.0,13.0
2373.0,13.0
2374.0,12.8
2375.0,12.8
2376.0,12.8
2377.0,12.0
2378.0,12.0
2379.0,12.0
2380.0,12.0
2381.0,12.0
2382.0,12.0
2383.0,11.5
2384.0,11.5
2385.0,11.5
2386.0,11.1
2387.0,11.1
2388.0,11.1
2389.0,11.5
2390.0,11.5
2391.0,11.5
2392.0,10.8
2393.0,10.8
2394.0,10.8
2395.0,11.1
2396.0,11.1
2397.0,11.1
2398.0,11.6
2399.0,11.6
2400.0,11.6
2401.0,11.1
2402.0,11.1
2403.0,11.1
2404.0,11.8
2405.0,11.8
2406.0,11.8
2407.0,11.3
2408.0,11.3
2409.0,11.3
2410.0,11.3
2411.0,11.3
2412.0,11.3
2413.0,11.5
2414.0,11.5
2415.0,11.5
2416.0,11.5
2417.0,11.5
2418.0,11.5
2419.0,11.1
2420.0,11.1
2421.0,11.1
2422.0,11.6
2423.0,11.6
2424.0,11.6
2425.0,11.8
2426.0,11.8
2427.0,11.8
2428.0,11.3
2429.0,11.3
2430.0,11.3
2431.0,11.3
2432.0,11.3
2433.0,11.3
2434.0,11.1
2435.0,11.1
2436.0,11.1
2437.0,11.3
2438.0,11.3
2439.0,11.3
2440.0,11.1
2441.0,11.1
2442.0,11.1
2443.0,11.6
2444.0,11.6
2445.0,11.6
2446.0,11.6
2447.0,11.6
2448.0,11.6
2449.0,11.6
2450.0,11.6
2451.0,11.6
2452.0,11.3
2453.0,11.3
2454.0,11.3
2455.0,11.3
2456.0,11.3
2457.0,11.3
2458.0,11.8
2459.0,11.8
2460.0,11.8
2461.0,11.6
2462.0,11.6
2463.0,11.6
2464.0,11.3
2465.0,11.3
2466.0,11.3
2467.0,11.1
2468.0,11.1
2469.0,11.1
2470.0,11.3
2471.0,11.3
2472.0,11.3
2473.0,11.8
2474.0,11.8
2475.0,11.8
2476.0,11.3
2477.0,11.3
2478.0,11.3
2479.0,11.3
2480.0,11.3
2481.0,11.3
2482.0,12.1
2483.0,12.1
2484.0,12.1
2485.0,11.3
2486.0,11.3
2487.0,11.3
2488.0,11.6
2489.0,11.6
2490.0,11.6
2491.0,11.5
2492.0,11.5
2493.0,11.5
2494.0,11.3
2495.0,11.3
2496.0,11.3
2497.0,11.1
2498.0,11.1
2499.0,11.1
2500.0,11.6
2501.0,11.6
2502.0,11.6
2503.0,11.8
2504.0,11.8
2505.0,11.8
2506.0,11.3
2507.0,11.3
2508.0,11.3
2509.0,11.6
2510.0,11.6
2511.0,11.6
2512.0,11.6
2513.0,11.6
2514.0,11.6
2515.0,11.3
2516.0,11.3
2517.0,11.3
2518.0,11.3
2519.0,11.3
2520.0,11.3
2521.0,11.1
2522.0,11.1
2523.0,11.1
2524.0,11.1
2525.0,11.1
2526.0,11.1
2527.0,11.6
2528.0,11.6
2529.0,11.6
2530.0,10.8
2531.0,10.8
2532.0,10.8
2533.0,11.6
2534.0,11.6
2535.0,11.6
2536.0,11.6
2537.0,11.6
2538.0,11.6
2539.0,11.6
2540.0,11.6
2541.0,11.6
2542.0,11.1
2543.0,11.1
2544.0,11.1
2545.0,11.6
2546.0,11.6
2547.0,11.6
2548.0,11.1
2549.0,11.1
2550.0,11.1
2551.0,11.3
2552.0,11.3
2553.0,11.3
2554.0,10.8
2555.0,10.8
2556.0,10.8
2557.0,11.1
2558.0,11.1
2559.0,11.1
2560.0,11.6
2561.0,11.6
2562.0,11.6
2563.0,11.3
2564.0,11.3
2565.0,11.3
2566.0,11.3
2567.0,11.3
2568.0,11.3
2569.0,10.8
2570.0,10.8
2571.0,10.8
2572.0,11.3
2573.0,11.3
2574.0,11.3
2575.0,11.3
2576.0,11.3
2577.0,11.3
2578.0,12.0
2579.0,12.0
2580.0,12.0
2581.0,11.3
2582.0,11.3
2583.0,11.3
2584.0,11.1
2585.0,11.1
2586.0,11.1
2587.0,11.3
2588.0,11.3
2589.0,11.3
2590.0,11.5
2591.0,11.5
2592.0,11.5
2593.0,11.0
2594.0,11.0
2595.0,11.0
2596.0,11.3
2597.0,11.3
2598.0,11.3
2599.0,11.3
2600.0,11.3
2601.0,11.3
2602.0,11.6
2603.0,11.6
2604.0,11.6
2605.0,11.5
2606.0,11.5
2607.0,11.5
2608.0,11.1
2609.0,11.1
2610.0,11.1
2611.0,11.1
2612.0,11.1
2613.0,11.1
2614.0,11.1
2615.0,11.1
2616.0,11.1
2617.0,10.8
2618.0,10.8
2619.0,10.8
2620.0,10.8
2621.0,10.8
2622.0,10.8
2623.0,10.6
2624.0,10.6
2625.0,10.6
2626.0,10.8
2627.0,10.8
2628.0,10.8
2629.0,10.8
2630.0,10.8
2631.0,10.8
2632.0,10.6
2633.0,10.6
2634.0,10.6
2635.0,10.6
2636.0,10.6
2637.0,10.6
2638.0,11.0
2639.0,11.0
2640.0,11.0
2641.0,10.6
2642.0,10.6
2643.0,10.6
2644.0,10.8
2645.0,10.8
2646.0,10.8
2647.0,10.8
2648.0,10.8
2649.0,10.8
2650.0,10.3
2651.0,10.3
2652.0,10.3
2653.0,10.6
2654.0,10.6
2655.0,10.6
2656.0,10.6
2657.0,10.6
2658.0,10.6
2659.0,10.5
2660.0,10.5
2661.0,10.5
2662.0,10.6
2663.0,10.6
2664.0,10.6
2665.0,10.8
2666.0,10.8
2667.0,10.8
2668.0,10.6
2669.0,10.6
2670.0,10.6
2671.0,11.0
2672.0,11.0
2673.0,11.0
2674.0,10.8
2675.0,10.8
2676.0,10.8
2677.0,10.3
2678.0,10.3
2679.0,10.3
2680.0,10.1
2681.0,10.1
2682.0,10.1
2683.0,10.3
2684.0,10.3
2685.0,10.3
2686.0,10.0
2687.0,10.0
2688.0,10.0
2689.0,10.1
2690.0,10.1
2691.0,10.1
2692.0,10.3
2693.0,10.3
2694.0,10.3
2695.0,10.3
2696.0,10.3
2697.0,10.3
2698.0,10.6
2699.0,10.6
2700.0,10.6
2701.0,10.5
2702.0,10.5
2703.0,10.5
2704.0,10.6
2705.0,10.6
2706.0,10.6
2707.0,10.6
2708.0,10.6
2709.0,10.6
2710.0,10.1
2711.0,10.1
2712.0,10.1
2713.0,10.6
2714.0,10.6
2715.0,10.6
2716.0,10.3
2717.0,10.3
2718.0,10.3
2719.0,10.8
2720.0,10.8
2721.0,10.8
2722.0,10.5
2723.0,10.5
2724.0,10.5
2725.0,10.6
2726.0,10.6
2727.0,10.6
2728.0,10.6
2729.0,10.6
2730.0,10.6
2731.0,10.3
2732.0,10.3
2733.0,10.3
2734.0,10.5
2735.0,10.5
2736.0,10.5
2737.0,10.5
2738.0,10.5
2739.0,10.5
2740.0,10.5
2741.0,10.5
2742.0,10.5
2743.0,10.6
2744.0,10.6
2745.0,10.6
2746.0,10.8
2747.0,10.8
2748.0,10.8
2749.0,10.8
2750.0,10.8
2751.0,10.8
2752.0,10.6
2753.0,10.6
2754.0,10.6
2755.0,10.3
2756.0,10.3
2757.0,10.3
2758.0,10.3
2759.0,10.3
2760.0,10.3
2761.0,10.6
2762.0,10.6
2763.0,10.6
2764.0,10.3
2765.0,10.3
2766.0,10.3
2767.0,10.5
2768.0,10.5
2769.0,10.5
2770.0,10.0
2771.0,10.0
2772.0,10.0
2773.0,10.6
2774.0,10.6
2775.0,10.6
2776.0,10.3
2777.0,10.3
2778.0,10.3
2779.0,10.3
2780.0,10.3
2781.0,10.3
2782.0,10.5
2783.0,10.5
2784.0,10.5
2785.0,10.6
2786.0,10.6
2787.0,10.6
2788.0,10.6
2789.0,10.6
2790.0,10.6
2791.0,10.6
2792.0,10.6
2793.0,10.6
2794.0,10.8
2795.0,10.8
2796.0,10.8
2797.0,10.3
2798.0,10.3
2799.0,10.3
2800.0,10.8
2801.0,10.8
2802.0,10.8
2803.0,10.8
2804.0,10.8
2805.0,10.8
2806.0,10.3
2807.0,10.3
2808.0,10.3
2809.0,10.6
2810.0,10.6
2811.0,10.6
2812.0,10.1
2813.0,10.1
2814.0,10.1
2815.0,10.5
2816.0,10.5
2817.0,10.5
2818.0,10.5
2819.0,10.5
2820.0,10.5
2821.0,10.5
2822.0,10.5
2823.0,10.5
2824.0,10.6
2825.0,10.6
2826.0,10.6
2827.0,10.8
2828.0,10.8
2829.0,10.8
2830.0,10.5
2831.0,10.5
2832.0,10.5
2833.0,10.6
2834.0,10.6
2835.0,10.6
2836.0,10.8
2837.0,10.8
2838.0,10.8
2839.0,10.5
2840.0,10.5
2841.0,10.5
2842.0,11.3
2843.0,11.3
2844.0,11.3
2845.0,10.8
2846.0,10.8
2847.0,10.8
2848.0,10.8
2849.0,10.8
2850.0,10.8
2851.0,7.5
2852.0,7.5
2853.0,7.5
2854.0,6.4
2855.0,6.4
2856.0,6.4
2857.0,6.0
2858.0,6.0
2859.0,6.0
2860.0,6.5
2861.0,6.5
2862.0,6.5
2863.0,5.6
2864.0,5.6
2865.0,5.6
2866.0,6.3
2867.0,6.3
2868.0,6.3
2869.0,5.9
2870.0,5.9
2871.0,5.9
2872.0,5.6
2873.0,5.6
2874.0,5.6
2875.0,6.0
2876.0,6.0
2877.0,6.0
2878.0,5.8
2879.0,5.8
2880.0,5.8
2881.0,6.4
2882.0,6.4
2883.0,6.4
2884.0,6.5
2885.0,6.5
2886.0,6.5
2887.0,5.5
2888.0,5.5
2889.0,5.5
2890.0,6.6
2891.0,6.6
2892.0,6.6
2893.0,5.5
2894.0,5.5
2895.0,5.5
2896.0,6.0
2897.0,6.0
2898.0,6.0
2899.0,6.1
2900.0,6.1
2901.0,6.1
2902.0,6.4
2903.0,6.4
2904.0,6.4
2905.0,6.4
2906.0,6.4
2907.0,6.4
2908.0,6.0
2909.0,6.0
2910.0,6.0
2911.0,6.1
2912.0,6.1
2913.0,6.1
2914.0,6.0
2915.0,6.0
2916.0,6.0
2917.0,6.1
2918.0,6.1
2919.0,6.1
2920.0,5.9
2921.0,5.9
2922.0,5.9
2923.0,6.0
2924.0,6.0
2925.0,6.0
2926.0,6.4
2927.0,6.4
2928.0,6.4
2929.0,6.0
2930.0,6.0
2931.0,6.0
2932.0,6.6
2933.0,6.6
2934.0,6.6
2935.0,6.1
2936.0,6.1
2937.0,6.1
2938.0,6.0
2939.0,6.0
2940.0,6.0
2941.0,6.1
2942.0,6.1
2943.0,6.1
2944.0,6.5
2945.0,6.5
2946.0,6.5
2947.0,5.9
2948.0,5.9
2949.0,5.9
2950.0,6.0
2951.0,6.0
2952.0,6.0
2953.0,6.3
2954.0,6.3
2955.0,6.3
2956.0,5.6
2957.0,5.6
2958.0,5.6
2959.0,5.9
2960.0,5.9
2961.0,5.9
2962.0,6.1
2963.0,6.1
2964.0,6.1
2965.0,6.3
2966.0,6.3
2967.0,6.3
2968.0,6.5
2969.0,6.5
2970.0,6.5
2971.0,6.0
2972.0,6.0
2973.0,6.0
2974.0,6.0
2975.0,6.0
2976.0,6.0
2977.0,6.4
2978.0,6.4
2979.0,6.4
2980.0,6.1
2981.0,6.1
2982.0,6.1
2983.0,6.1
2984.0,6.1
2985.0,6.1
2986.0,6.0
2987.0,6.0
2988.0,6.0
2989.0,5.6
2990.0,5.6
2991.0,5.6
2992.0,5.9
2993.0,5.9
2994.0,5.9
2995.0,6.1
2996.0,6.1
2997.0,6.1
2998.0,5.5
2999.0,5.5
3000.0,5.5
3001.0,6.5
3002.0,6.5
3003.0,6.5
3004.0,6.1
3005.0,6.1
3006.0,6.1
3007.0,5.9
3008.0,5.9
3009.0,5.9
3010.0,6.3
3011.0,6.3
3012.0,6.3
3013.0,5.6
3014.0,5.6
3015.0,5.6
3016.0,6.4
3017.0,6.4
3018.0,6.4
3019.0,5.9
3020.0,5.9
3021.0,5.9
3022.0,6.0
3023.0,6.0
3024.0,6.0
3025.0,5.5
3026.0,5.5
3027.0,5.5
3028.0,6.0
3029.0,6.0
3030.0,6.0
3031.0,6.0
3032.0,6.0
3033.0,6.0
3034.0,6.0
3035.0,6.0
3036.0,6.0
3037.0,5.8
3038.0,5.8
3039.0,5.8
3040.0,5.5
3041.0,5.5
3042.0,5.5
3043.0,6.3
3044.0,6.3
3045.0,6.3
3046.0,6.4
3047.0,6.4
3048.0,6.4
3049.0,6.1
3050.0,6.1
3051.0,6.1
3052.0,6.0
3053.0,6.0
3054.0,6.0
3055.0,5.8
3056.0,5.8
3057.0,5.8
3058.0,6.1
3059.0,6.1
3060.0,6.1
3061.0,6.3
3062.0,6.3
3063.0,6.3
3064.0,6.4
3065.0,6.4
3066.0,6.4
3067.0,6.4
3068.0,6.4
3069.0,6.4
3070.0,6.3
3071.0,6.3
3072.0,6.3
3073.0,6.8
3074.0,6.8
3075.0,6.8
3076.0,5.9
3077.0,5.9
3078.0,5.9
3079.0,6.5
3080.0,6.5
3081.0,6.5
3082.0,6.3
3083.0,6.3
3084.0,6.3
3085.0,6.1
3086.0,6.1
3087.0,6.1
3088.0,6.5
3089.0,6.5
3090.0,6.5
3091.0,6.0
3092.0,6.0
3093.0,6.0
3094.0,5.6
3095.0,5.6
3096.0,5.6
3097.0,6.4
3098.0,6.4
3099.0,6.4
3100.0,5.9
3101.0,5.9
3102.0,5.9
3103.0,5.8
3104.0,5.8
3105.0,5.8
3106.0,6.0
3107.0,6.0
3108.0,6.0
3109.0,6.0
3110.0,6.0
3111.0,6.0
3112.0,6.0
3113.0,6.0
3114.0,6.0
3115.0,5.8
3116.0,5.8
3117.0,5.8
3118.0,6.0
3119.0,6.0
3120.0,6.0
3121.0,6.8
3122.0,6.8
3123.0,6.8
3124.0,6.4
3125.0,6.4
3126.0,6.4
3127.0,5.9
3128.0,5.9
3129.0,5.9
3130.0,6.0
3131.0,6.0
3132.0,6.0
3133.0,5.6
3134.0,5.6
3135.0,5.6
3136.0,6.0
3137.0,6.0
3138.0,6.0
3139.0,5.9
3140.0,5.9
3141.0,5.9
3142.0,5.6
3143.0,5.6
3144.0,5.6
3145.0,5.9
3146.0,5.9
3147.0,5.9
3148.0,6.4
3149.0,6.4
3150.0,6.4
3151.0,6.4
3152.0,6.4
3153.0,6.4
3154.0,5.5
3155.0,5.5
3156.0,5.5
3157.0,6.3
3158.0,6.3
3159.0,6.3
3160.0,5.8
3161.0,5.8
3162.0,5.8
3163.0,6.4
3164.0,6.4
3165.0,6.4
3166.0,6.5
3167.0,6.5
3168.0,6.5
3169.0,6.0
3170.0,6.0
3171.0,6.0
3172.0,6.4
3173.0,6.4
3174.0,6.4
3175.0,5.6
3176.0,5.6
3177.0,5.6
3178.0,5.9
3179.0,5.9
3180.0,5.9
3181.0,5.9
3182.0,5.9
3183.0,5.9
3184.0,6.1
3185.0,6.1
3186.0,6.1
3187.0,5.8
3188.0,5.8
3189.0,5.8
3190.0,5.5
3191.0,5.5
3192.0,5.5
3193.0,5.8
3194.0,5.8
3195.0,5.8
3196.0,6.1
3197.0,6.1
3198.0,6.1
3199.0,6.0
3200.0,6.0
3201.0,6.0
3202.0,5.5
3203.0,5.5
3204.0,5.5
3205.0,5.9
3206.0,5.9
3207.0,5.9
3208.0,6.1
3209.0,6.1
3210.0,6.1
3211.0,6.3
3212.0,6.3
3213.0,6.3
3214.0,6.0
3215.0,6.0
3216.0,6.0
3217.0,6.4
3218.0,6.4
3219.0,6.4
3220.0,5.6
3221.0,5.6
3222.0,5.6
3223.0,6.5
3224.0,6.5
3225.0,6.5
3226.0,5.9
3227.0,5.9
3228.0,5.9
3229.0,6.3
3230.0,6.3
3231.0,6.3
3232.0,5.9
3233.0,5.9
3234.0,5.9
3235.0,5.6
3236.0,5.6
3237.0,5.6
3238.0,6.3
3239.0,6.3
3240.0,6.3
3241.0,5.8
3242.0,5.8
3243.0,5.8
3244.0,6.0
3245.0,6.0
3246.0,6.0
3247.0,6.1
3248.0,6.1
3249.0,6.1
3250.0,6.4
3251.0,6.4
3252.0,6.4
3253.0,5.6
3254.0,5.6
3255.0,5.6
3256.0,0.0
3257.0,0.0
3258.0,0.0
3259.0,0.0
3260.0,0.0
3261.0,0.0
3262.0,0.0
3263.0,0.0
3264.0,0.0
3265.0,0.0
3266.0,0.0
3267.0,0.0
3268.0,0.0
3269.0,0.0
3270.0,0.0
3271.0,0.0
3272.0,0.0
3273.0,0.0
3274.0,0.0
3275.0,0.0
3276.0,0.0
3277.0,0.0
3278.0,0.0
3279.0,0.0
3280.0,0.0
3281.0,0.0
3282.0,0.0
3283.0,0.0
3284.0,0.0
3285.0,0.0
3286.0,0.0
3287.0,0.0
3288.0,0.0
3289.0,0.0
3290.0,0.0
3291.0,0.0
3292.0,0.0
3293.0,0.0
3294.0,0.0
3295.0,0.0
3296.0,0.0
3297.0,0.0
3298.0,0.0
3299.0,0.0
3300.0,0.0
3301.0,0.0
3302.0,0.0
3303.0,0.0
3304.0,0.0
3305.0,0.0
3306.0,0.0
3307.0,0.0
3308.0,0.0
3309.0,0.0
3310.0,0.0
3311.0,0.0
3312.0,0.0
3313.0,0.0
3314.0,0.0
3315.0,0.0
3316.0,0.0
3317.0,0.0
3318.0,0.0
3319.0,0.0
3320.0,0.0
3321.0,0.0
3322.0,0.0
3323.0,0.0
3324.0,0.0
3325.0,0.0
3326.0,0.0
3327.0,0.0
3328.0,0.0
3329.0,0.0
3330.0,0.0
3331.0,0.0
3332.0,0.0
3333.0,0.0
3334.0,0.0
3335.0,0.0
3336.0,0.0
3337.0,0.0
3338.0,0.0
3339.0,0.0
3340.0,0.0
3341.0,0.0
3342.0,0.0
3343.0,0.0
3344.0,0.0
3345.0,0.0
3346.0,0.0
3347.0,0.0
3348.0,0.0
3349.0,0.0
3350.0,0.0
3351.0,0.0
3352.0,0.0
3353.0,0.0
3354.0,0.0
3355.0,0.0
3356.0,0.0
3357.0,0.0
3358.0,0.0
3359.0,0.0
3360.0,0.0
3361.0,0.0
3362.0,0.0
3363.0,0.0
3364.0,0.0
3365.0,0.0
3366.0,0.0
3367.0,0.0
3368.0,0.0
3369.0,0.0
3370.0,0.0
3371.0,0.0
3372.0,0.0
3373.0,0.0
3374.0,0.0
3375.0,0.0
3376.0,0.0
3377.0,0.0
3378.0,0.0
3379.0,0.0
3380.0,0.0
3381.0,0.0
3382.0,0.0
3383.0,0.0
3384.0,0.0
3385.0,0.0
3386.0,0.0
3387.0,0.0
3388.0,0.0
3389.0,0.0
3390.0,0.0
3391.0,0.0
3392.0,0.0
3393.0,0.0
3394.0,0.0
3395.0,0.0
3396.0,0.0
3397.0,0.0
3398.0,0.0
3399.0,0.0
3400.0,0.0
3401.0,0.0
3402.0,0.0
3403.0,0.0
3404.0,0.0
3405.0,0.0
3406.0,0.0
3407.0,0.0
3408.0,0.0
3409.0,0.0
3410.0,0.0
3411.0,0.0
3412.0,0.0
3413.0,0.0
3414.0,0.0
3415.0,0.0
3416.0,0.0
3417.0,0.0
3418.0,0.0
3419.0,0.0
3420.0,0.0
3421.0,0.0
3422.0,0.0
3423.0,0.0
3424.0,0.0
3425.0,0.0
3426.0,0.0
3427.0,0.0
3428.0,0.0
3429.0,0.0
3430.0,0.0
3431.0,0.0
3432.0,0.0
3433.0,0.0
3434.0,0.0
3435.0,0.0
3436.0,0.0
3437.0,0.0
3438.0,0.0
3439.0,0.0
3440.0,0.0
3441.0,0.0
3442.0,0.0
3443.0,0.0
3444.0,0.0
3445.0,0.1
3446.0,0.1
3447.0,0.1
3448.0,0.0
3449.0,0.0
3450.0,0.0
3451.0,0.0
3452.0,0.0
3453.0,0.0
3454.0,0.0
3455.0,0.0
3456.0,0.0
3457.0,0.0
3458.0,0.0
3459.0,0.0
3460.0,0.0
3461.0,0.0
3462.0,0.0
3463.0,0.0
3464.0,0.0
3465.0,0.0
3466.0,0.0
3467.0,0.0
3468.0,0.0
3469.0,0.0
3470.0,0.0
3471.0,0.0
3472.0,0.0
3473.0,0.0
3474.0,0.0
3475.0,0.0
3476.0,0.0
3477.0,0.0
3478.0,0.0
3479.0,0.0
3480.0,0.0
3481.0,0.0
3482.0,0.0
3483.0,0.0
3484.0,0.0
3485.0,0.0
3486.0,0.0
3487.0,0.0
3488.0,0.0
3489.0,0.0
3490.0,0.0
3491.0,0.0
3492.0,0.0
3493.0,0.0
3494.0,0.0
3495.0,0.0
3496.0,0.0
3497.0,0.0
3498.0,0.0
3499.0,0.0
3500.0,0.0
3501.0,0.0
3502.0,0.0
3503.0,0.0
3504.0,0.0
3505.0,0.0
3506.0,0.0
3507.0,0.0
3508.0,0.0
3509.0,0.0
3510.0,0.0
3511.0,0.0
3512.0,0.0
3513.0,0.0
3514.0,0.0
3515.0,0.0
3516.0,0.0
3517.0,0.0
3518.0,0.0
3519.0,0.0
3520.0,0.0
3521.0,0.0
3522.0,0.0
3523.0,0.1
3524.0,0.1
3525.0,0.1
3526.0,0.0
3527.0,0.0
3528.0,0.0
3529.0,0.0
3530.0,0.0
3531.0,0.0
3532.0,0.0
3533.0,0.0
3534.0,0.0
3535.0,0.1
3536.0,0.1
3537.0,0.1
3538.0,0.0
3539.0,0.0
3540.0,0.0
3541.0,0.1
3542.0,0.1
3543.0,0.1
3544.0,0.0
3545.0,0.0
3546.0,0.0
3547.0,0.0
3548.0,0.0
3549.0,0.0
3550.0,0.0
3551.0,0.0
3552.0,0.0
3553.0,0.0
3554.0,0.0
3555.0,0.0
3556.0,0.0
3557.0,0.0
3558.0,0.0
3559.0,0.0
3560.0,0.0
3561.0,0.0
3562.0,0.0
3563.0,0.0
3564.0,0.0
3565.0,0.1
3566.0,0.1
3567.0,0.1
3568.0,0.0
3569.0,0.0
3570.0,0.0
3571.0,0.0
3572.0,0.0
3573.0,0.0
3574.0,0.0
3575.0,0.0
3576.0,0.0
3577.0,0.0
3578.0,0.0
3579.0,0.0
3580.0,0.0
3581.0,0.0
3582.0,0.0
3583.0,0.0
3584.0,0.0
3585.0,0.0
3586.0,0.0
3587.0,0.0
3588.0,0.0
3589.0,0.0
3590.0,0.0
3591.0,0.0
3592.0,0.0
3593.0,0.0
3594.0,0.0
3595.0,0.0
3596.0,0.0
3597.0,0.0
3598.0,0.0
3599.0,0.0
3600.0,0.0
3601.0,0.0
3602.0,0.0
3603.0,0.0
3604.0,0.0
3605.0,0.0
3606.0,0.0
3607.0,0.1
3608.0,0.1
3609.0,0.1
3610.0,0.0
3611.0,0.0
3612.0,0.0
3613.0,0.0
3614.0,0.0
3615.0,0.0
3616.0,0.0
3617.0,0.0
3618.0,0.0
3619.0,0.1
3620.0,0.1
3621.0,0.1
3622.0,0.0
3623.0,0.0
3624.0,0.0
3625.0,0.0
3626.0,0.0
3627.0,0.0
3628.0,0.0
3629.0,0.0
3630.0,0.0
3631.0,0.0
3632.0,0.0
3633.0,0.0
3634.0,0.0
3635.0,0.0
3636.0,0.0
3637.0,0.0
3638.0,0.0
3639.0,0.0
3640.0,0.0
3641.0,0.0
3642.0,0.0
3643.0,0.1
3644.0,0.1
3645.0,0.1
3646.0,0.0
3647.0,0.0
3648.0,0.0
3649.0,0.0
3650.0,0.0
3651.0,0.0
3652.0,0.0
3653.0,0.0
3654.0,0.0
3655.0,0.1
3656.0,0.1
3657.0,0.1
3658.0,0.0
3659.0,0.0
3660.0,0.0
3661.0,0.0
3662.0,0.0
3663.0,0.0
3664.0,0.0
3665.0,0.0
3666.0,0.0
3667.0,0.1
3668.0,0.1
3669.0,0.1
3670.0,0.0
3671.0,0.0
3672.0,0.0
3673.0,0.1
3674.0,0.1
3675.0,0.1
3676.0,0.0
3677.0,0.0
3678.0,0.0
3679.0,0.0
3680.0,0.0
3681.0,0.0
3682.0,0.0
3683.0,0.0
3684.0,0.0
3685.0,0.0
3686.0,0.0
3687.0,0.0
3688.0,0.0
3689.0,0.0
3690.0,0.0
3691.0,0.0
3692.0,0.0
3693.0,0.0
3694.0,0.0
3695.0,0.0
3696.0,0.0
3697.0,0.0
3698.0,0.0
3699.0,0.0
3700.0,0.0
3701.0,0.0
3702.0,0.0
3703.0,0.1
3704.0,0.1
3705.0,0.1
3706.0,0.0
3707.0,0.0
3708.0,0.0
3709.0,0.0
3710.0,0.0
3711.0,0.0
3712.0,0.0
3713.0,0.0
3714.0,0.0
3715.0,0.0
3716.0,0.0
3717.0,0.0
3718.0,0.1
3719.0,0.1
3720.0,0.1
3721.0,0.0
3722.0,0.0
3723.0,0.0
3724.0,0.0
3725.0,0.0
3726.0,0.0
3727.0,0.0
3728.0,0.0
3729.0,0.0
3730.0,0.1
3731.0,0.1
3732.0,0.1
3733.0,0.0
3734.0,0.0
3735.0,0.0
3736.0,0.0
3737.0,0.0
3738.0,0.0
3739.0,0.0
3740.0,0.0
3741.0,0.0
3742.0,0.0
3743.0,0.0
3744.0,0.0
3745.0,0.0
3746.0,0.0
3747.0,0.0
3748.0,0.0
3749.0,0.0
3750.0,0.0
3751.0,0.0
3752.0,0.0
3753.0,0.0
3754.0,0.0
3755.0,0.0
3756.0,0.0
3757.0,0.0
3758.0,0.0
3759.0,0.0
3760.0,0.0
3761.0,0.0
3762.0,0.0
3763.0,0.0
3764.0,0.0
3765.0,0.0
3766.0,0.0
3767.0,0.0
3768.0,0.0
3769.0,0.0
3770.0,0.0
3771.0,0.0
3772.0,0.0
3773.0,0.0
3774.0,0.0
3775.0,0.1
3776.0,0.1
3777.0,0.1
3778.0,0.0
3779.0,0.0
3780.0,0.0
3781.0,0.0
3782.0,0.0
3783.0,0.0
3784.0,0.0
3785.0,0.0
3786.0,0.0
3787.0,0.0
3788.0,0.0
3789.0,0.0
3790.0,0.0
3791.0,0.0
3792.0,0.0
3793.0,0.0
3794.0,0.0
3795.0,0.0
3796.0,0.0
3797.0,0.0
3798.0,0.0
3799.0,0.1
3800.0,0.1
3801.0,0.1
3802.0,0.0
3803.0,0.0
3804.0,0.0
3805.0,0.0
3806.0,0.0
3807.0,0.0
3808.0,0.0
3809.0,0.0
3810.0,0.0
3811.0,0.1
3812.0,0.1
3813.0,0.1
3814.0,0.0
3815.0,0.0
3816.0,0.0
3817.0,0.1
3818.0,0.1
3819.0,0.1
3820.0,0.0
3821.0,0.0
3822.0,0.0
3823.0,0.0
3824.0,0.0
3825.0,0.0
3826.0,0.0
3827.0,0.0
3828.0,0.0
3829.0,0.0
3830.0,0.0
3831.0,0.0
3832.0,0.1
3833.0,0.1
3834.0,0.1
3835.0,0.0
3836.0,0.0
3837.0,0.0
3838.0,0.0
3839.0,0.0
3840.0,0.0
3841.0,0.1
3842.0,0.1
3843.0,0.1
3844.0,0.0
3845.0,0.0
3846.0,0.0
3847.0,0.0
3848.0,0.0
3849.0,0.0
3850.0,0.0
3851.0,0.0
3852.0,0.0
3853.0,0.0
3854.0,0.0
3855.0,0.0
3856.0,0.0
3857.0,0.0
3858.0,0.0
3859.0,0.0
3860.0,0.0
3861.0,0.0
3862.0,0.0
3863.0,0.0
3864.0,0.0
3865.0,0.1
3866.0,0.1
3867.0,0.1
3868.0,0.0
3869.0,0.0
3870.0,0.0
3871.0,0.0
3872.0,0.0
3873.0,0.0
3874.0,0.1
3875.0,0.1
3876.0,0.1
3877.0,0.0
3878.0,0.0
3879.0,0.0
3880.0,0.0
3881.0,0.0
3882.0,0.0
3883.0,0.1
3884.0,0.1
3885.0,0.1
3886.0,0.0
3887.0,0.0
3888.0,0.0
3889.0,0.0
3890.0,0.0
3891.0,0.0
3892.0,0.0
3893.0,0.0
3894.0,0.0
3895.0,0.0
3896.0,0.0
3897.0,0.0
3898.0,0.0
3899.0,0.0
3900.0,0.0
3901.0,0.0
3902.0,0.0
3903.0,0.0
3904.0,0.0
3905.0,0.0
3906.0,0.0
3907.0,0.1
3908.0,0.1
3909.0,0.1
3910.0,0.0
3911.0,0.0
3912.0,0.0
3913.0,0.0
3914.0,0.0
3915.0,0.0
3916.0,0.0
3917.0,0.0
3918.0,0.0
3919.0,0.0
3920.0,0.0
3921.0,0.0
3922.0,0.0
3923.0,0.0
3924.0,0.0
3925.0,0.0
3926.0,0.0
3927.0,0.0
3928.0,0.0
3929.0,0.0
3930.0,0.0
3931.0,0.0
3932.0,0.0
3933.0,0.0
3934.0,0.0
3935.0,0.0
3936.0,0.0
3937.0,0.0
3938.0,0.0
3939.0,0.0
3940.0,0.0
3941.0,0.0
3942.0,0.0
3943.0,0.0
3944.0,0.0
3945.0,0.0
3946.0,0.0
3947.0,0.0
3948.0,0.0
3949.0,0.1
3950.0,0.1
3951.0,0.1
3952.0,0.0
3953.0,0.0
3954.0,0.0
3955.0,0.0
3956.0,0.0
3957.0,0.0
3958.0,0.0
3959.0,0.0
3960.0,0.0
3961.0,0.0
3962.0,0.0
3963.0,0.0
3964.0,0.0
3965.0,0.0
3966.0,0.0
3967.0,0.0
3968.0,0.0
3969.0,0.0
3970.0,0.0
3971.0,0.0
3972.0,0.0
3973.0,0.0
3974.0,0.0
3975.0,0.0
3976.0,0.0
3977.0,0.0
3978.0,0.0
3979.0,0.0
3980.0,0.0
3981.0,0.0
3982.0,0.0
3983.0,0.0
3984.0,0.0
3985.0,0.0
3986.0,0.0
3987.0,0.0
3988.0,0.0
3989.0,0.0
3990.0,0.0
3991.0,0.0
3992.0,0.0
3993.0,0.0
3994.0,0.1
3995.0,0.1
3996.0,0.1
3997.0,0.0
3998.0,0.0
3999.0,0.0
4000.0,0.0
4001.0,0.0
4002.0,0.0
4003.0,0.0
4004.0,0.0
4005.0,0.0
4006.0,0.0
4007.0,0.0
4008.0,0.0
4009.0,0.0
4010.0,0.0
4011.0,0.0
4012.0,0.0
4013.0,0.0
4014.0,0.0
4015.0,0.0
4016.0,0.0
4017.0,0.0
4018.0,0.0
4019.0,0.0
4020.0,0.0
4021.0,0.0
4022.0,0.0
4023.0,0.0
4024.0,0.0
4025.0,0.0
4026.0,0.0
4027.0,0.0
4028.0,0.0
4029.0,0.0
4030.0,0.0
4031.0,0.0
4032.0,0.0
4033.0,0.0
4034.0,0.0
4035.0,0.0
4036.0,0.0
4037.0,0.0
4038.0,0.0
4039.0,0.0
4040.0,0.0
4041.0,0.0
4042.0,0.0
4043.0,0.0
4044.0,0.0
4045.0,0.0
4046.0,0.0
4047.0,0.0
4048.0,0.0
4049.0,0.0
4050.0,0.0
4051.0,0.0
4052.0,0.0
4053.0,0.0
4054.0,0.0
4055.0,0.0
4056.0,0.0
4057.0,0.0
4058.0,0.0
4059.0,0.0
4060.0,0.0
4061.0,0.0
4062.0,0.0
4063.0,0.0
4064.0,0.0
4065.0,0.0
4066.0,0.0
4067.0,0.0
4068.0,0.0
4069.0,0.0
4070.0,0.0
4071.0,0.0
4072.0,0.0
4073.0,0.0
4074.0,0.0
4075.0,0.0
4076.0,0.0
4077.0,0.0
4078.0,0.0
4079.0,0.0
4080.0,0.0
4081.0,0.0
4082.0,0.0
4083.0,0.0
4084.0,0.0
4085.0,0.0
4086.0,0.0
4087.0,0.0
4088.0,0.0
4089.0,0.0
4090.0,0.0
4091.0,0.0
4092.0,0.0
4093.0,0.0
4094.0,0.0
4095.0,0.0
4096.0,0.0
4097.0,0.0
4098.0,0.0
4099.0,0.0
4100.0,0.0
4101.0,0.0
4102.0,0.0
4103.0,0.0
4104.0,0.0
4105.0,0.0
4106.0,0.0
4107.0,0.0
4108.0,3.2
4109.0,3.2
4110.0,3.2
4111.0,7.6
4112.0,7.6
4113.0,7.6
4114.0,7.5
4115.0,7.5
4116.0,7.5
4117.0,7.5
4118.0,7.5
4119.0,7.5
4120.0,7.8
4121.0,7.8
4122.0,7.8
4123.0,7.8
4124.0,7.8
4125.0,7.8
4126.0,7.4
4127.0,7.4
4128.0,7.4
4129.0,7.5
4130.0,7.5
4131.0,7.5
4132.0,7.5
4133.0,7.5
4134.0,7.5
4135.0,7.6
4136.0,7.6
4137.0,7.6
4138.0,7.6
4139.0,7.6
4140.0,7.6
4141.0,7.5
4142.0,7.5
4143.0,7.5
4144.0,7.9
4145.0,7.9
4146.0,7.9
4147.0,7.4
4148.0,7.4
4149.0,7.4
4150.0,6.4
4151.0,6.4
4152.0,6.4
4153.0,5.5
4154.0,5.5
4155.0,5.5
4156.0,5.0
4157.0,5.0
4158.0,5.0
4159.0,5.3
4160.0,5.3
4161.0,5.3
4162.0,5.6
4163.0,5.6
4164.0,5.6
4165.0,6.0
4166.0,6.0
4167.0,6.0
4168.0,3.4
4169.0,3.4
4170.0,3.4
4171.0,0.1
4172.0,0.1
4173.0,0.1
4174.0,0.0
4175.0,0.0
4176.0,0.0
4177.0,0.0
4178.0,0.0
4179.0,0.0
4180.0,0.0
4181.0,0.0
4182.0,0.0
4183.0,0.1
4184.0,0.1
4185.0,0.1
4186.0,0.0
4187.0,0.0
4188.0,0.0
4189.0,0.0
4190.0,0.0
4191.0,0.0
4192.0,0.1
4193.0,0.1
4194.0,0.1
4195.0,0.0
4196.0,0.0
4197.0,0.0
4198.0,0.0
4199.0,0.0
4200.0,0.0
4201.0,0.0
4202.0,0.0
4203.0,0.0
4204.0,0.1
4205.0,0.1
4206.0,0.1
4207.0,0.0
4208.0,0.0
4209.0,0.0
4210.0,0.0
4211.0,0.0
4212.0,0.0
4213.0,0.0
4214.0,0.0
4215.0,0.0
4216.0,0.0
4217.0,0.0
4218.0,0.0
4219.0,0.0
4220.0,0.0
4221.0,0.0
4222.0,0.0
4223.0,0.0
4224.0,0.0
4225.0,0.0
4226.0,0.0
4227.0,0.0
4228.0,0.0
4229.0,0.0
4230.0,0.0
4231.0,0.0
4232.0,0.0
4233.0,0.0
4234.0,0.1
4235.0,0.1
4236.0,0.1
4237.0,3.5
4238.0,3.5
4239.0,3.5
4240.0,7.0
4241.0,7.0
4242.0,7.0
4243.0,6.8
4244.0,6.8
4245.0,6.8
4246.0,7.1
4247.0,7.1
4248.0,7.1
4249.0,7.0
4250.0,7.0
4251.0,7.0
4252.0,6.8
4253.0,6.8
4254.0,6.8
4255.0,7.1
4256.0,7.1
4257.0,7.1
4258.0,7.0
4259.0,7.0
4260.0,7.0
4261.0,6.8
4262.0,6.8
4263.0,6.8
4264.0,6.8
4265.0,6.8
4266.0,6.8
4267.0,7.3
4268.0,7.3
4269.0,7.3
4270.0,7.0
4271.0,7.0
4272.0,7.0
4273.0,6.8
4274.0,6.8
4275.0,6.8
4276.0,6.8
4277.0,6.8
4278.0,6.8
4279.0,7.5
4280.0,7.5
4281.0,7.5
4282.0,6.9
4283.0,6.9
4284.0,6.9
4285.0,7.0
4286.0,7.0
4287.0,7.0
4288.0,7.1
4289.0,7.1
4290.0,7.1
4291.0,6.9
4292.0,6.9
4293.0,6.9
4294.0,6.0
4295.0,6.0
4296.0,6.0
4297.0,5.5
4298.0,5.5
4299.0,5.5
4300.0,6.0
4301.0,6.0
4302.0,6.0
4303.0,5.1
4304.0,5.1
4305.0,5.1
4306.0,5.5
4307.0,5.5
4308.0,5.5
4309.0,6.0
4310.0,6.0
4311.0,6.0
4312.0,5.3
4313.0,5.3
4314.0,5.3
4315.0,5.4
4316.0,5.4
4317.0,5.4
4318.0,5.5
4319.0,5.5
4320.0,5.5
4321.0,5.8
4322.0,5.8
4323.0,5.8
4324.0,5.4
4325.0,5.4
4326.0,5.4
4327.0,5.6
4328.0,5.6
4329.0,5.6
4330.0,5.4
4331.0,5.4
4332.0,5.4
4333.0,5.6
4334.0,5.6
4335.0,5.6
4336.0,6.0
4337.0,6.0
4338.0,6.0
4339.0,5.4
4340.0,5.4
4341.0,5.4
4342.0,5.5
4343.0,5.5
4344.0,5.5
4345.0,6.0
4346.0,6.0
4347.0,6.0
4348.0,6.1
4349.0,6.1
4350.0,6.1
4351.0,5.5
4352.0,5.5
4353.0,5.5
4354.0,5.9
4355.0,5.9
4356.0,5.9
4357.0,5.6
4358.0,5.6
4359.0,5.6
4360.0,6.0
4361.0,6.0
4362.0,6.0
4363.0,5.5
4364.0,5.5
4365.0,5.5
4366.0,5.1
4367.0,5.1
4368.0,5.1
4369.0,5.5
4370.0,5.5
4371.0,5.5
4372.0,5.5
4373.0,5.5
4374.0,5.5
4375.0,5.6
4376.0,5.6
4377.0,5.6
4378.0,5.4
4379.0,5.4
4380.0,5.4
4381.0,5.4
4382.0,5.4
4383.0,5.4
4384.0,6.3
4385.0,6.3
4386.0,6.3
4387.0,5.6
4388.0,5.6
4389.0,5.6
4390.0,6.0
4391.0,6.0
4392.0,6.0
4393.0,5.8
4394.0,5.8
4395.0,5.8
4396.0,6.0
4397.0,6.0
4398.0,6.0
4399.0,5.5
4400.0,5.5
4401.0,5.5
4402.0,5.1
4403.0,5.1
4404.0,5.1
4405.0,5.9
4406.0,5.9
4407.0,5.9
4408.0,5.6
4409.0,5.6
4410.0,5.6
4411.0,5.1
4412.0,5.1
4413.0,5.1
4414.0,6.3
4415.0,6.3
4416.0,6.3
4417.0,6.1
4418.0,6.1
4419.0,6.1
4420.0,6.1
4421.0,6.1
4422.0,6.1
4423.0,5.4
4424.0,5.4
4425.0,5.4
4426.0,6.0
4427.0,6.0
4428.0,6.0
4429.0,5.5
4430.0,5.5
4431.0,5.5
4432.0,5.6
4433.0,5.6
4434.0,5.6
4435.0,5.3
4436.0,5.3
4437.0,5.3
4438.0,5.6
4439.0,5.6
4440.0,5.6
4441.0,5.8
4442.0,5.8
4443.0,5.8
4444.0,5.4
4445.0,5.4
4446.0,5.4
4447.0,5.9
4448.0,5.9
4449.0,5.9
4450.0,5.9
4451.0,5.9
4452.0,5.9
4453.0,5.6
4454.0,5.6
4455.0,5.6
4456.0,5.6
4457.0,5.6
4458.0,5.6
4459.0,5.4
4460.0,5.4
4461.0,5.4
4462.0,5.9
4463.0,5.9
4464.0,5.9
4465.0,6.0
4466.0,6.0
4467.0,6.0
4468.0,5.8
4469.0,5.8
4470.0,5.8
4471.0,5.5
4472.0,5.5
4473.0,5.5
4474.0,5.6
4475.0,5.6
4476.0,5.6
4477.0,5.9
4478.0,5.9
4479.0,5.9
4480.0,6.0
4481.0,6.0
4482.0,6.0
4483.0,5.9
4484.0,5.9
4485.0,5.9
4486.0,6.0
4487.0,6.0
4488.0,6.0
4489.0,5.5
4490.0,5.5
4491.0,5.5
4492.0,6.1
4493.0,6.1
4494.0,6.1
4495.0,6.0
4496.0,6.0
4497.0,6.0
4498.0,6.1
4499.0,6.1
4500.0,6.1
4501.0,5.5
4502.0,5.5
4503.0,5.5
4504.0,5.8
4505.0,5.8
4506.0,5.8
4507.0,5.6
4508.0,5.6
4509.0,5.6
4510.0,5.8
4511.0,5.8
4512.0,5.8
4513.0,5.5
4514.0,5.5
4515.0,5.5
4516.0,5.9
4517.0,5.9
4518.0,5.9
4519.0,6.0
4520.0,6.0
4521.0,6.0
4522.0,5.5
4523.0,5.5
4524.0,5.5
4525.0,6.1
4526.0,6.1
4527.0,6.1
4528.0,5.4
4529.0,5.4
4530.0,5.4
4531.0,5.9
4532.0,5.9
4533.0,5.9
4534.0,5.9
4535.0,5.9
4536.0,5.9
4537.0,5.8
4538.0,5.8
4539.0,5.8
4540.0,5.9
4541.0,5.9
4542.0,5.9
4543.0,5.8
4544.0,5.8
4545.0,5.8
4546.0,5.9
4547.0,5.9
4548.0,5.9
4549.0,5.6
4550.0,5.6
4551.0,5.6
4552.0,6.1
4553.0,6.1
4554.0,6.1
4555.0,5.3
4556.0,5.3
4557.0,5.3
4558.0,5.4
4559.0,5.4
4560.0,5.4
4561.0,6.1
4562.0,6.1
4563.0,6.1
4564.0,6.0
4565.0,6.0
4566.0,6.0
4567.0,5.6
4568.0,5.6
4569.0,5.6
4570.0,5.6
4571.0,5.6
4572.0,5.6
4573.0,6.0
4574.0,6.0
4575.0,6.0
4576.0,6.0
4577.0,6.0
4578.0,6.0
4579.0,5.5
4580.0,5.5
4581.0,5.5
4582.0,6.1
4583.0,6.1
4584.0,6.1
4585.0,5.9
4586.0,5.9
4587.0,5.9
4588.0,7.0
4589.0,7.0
4590.0,7.0
4591.0,6.4
4592.0,6.4
4593.0,6.4
4594.0,6.4
4595.0,6.4
4596.0,6.4
4597.0,7.1
4598.0,7.1
4599.0,7.1
4600.0,7.0
4601.0,7.0
4602.0,7.0
4603.0,6.8
4604.0,6.8
4605.0,6.8
4606.0,6.9
4607.0,6.9
4608.0,6.9
4609.0,6.4
4610.0,6.4
4611.0,6.4
4612.0,6.9
4613.0,6.9
4614.0,6.9
4615.0,6.3
4616.0,6.3
4617.0,6.3
4618.0,6.8
4619.0,6.8
4620.0,6.8
4621.0,7.0
4622.0,7.0
4623.0,7.0
4624.0,6.6
4625.0,6.6
4626.0,6.6
4627.0,6.5
4628.0,6.5
4629.0,6.5
4630.0,6.4
4631.0,6.4
4632.0,6.4
4633.0,6.4
4634.0,6.4
4635.0,6.4
4636.0,6.8
4637.0,6.8
4638.0,6.8
4639.0,6.5
4640.0,6.5
4641.0,6.5
4642.0,6.6
4643.0,6.6
4644.0,6.6
4645.0,6.5
4646.0,6.5
4647.0,6.5
4648.0,6.6
4649.0,6.6
4650.0,6.6
4651.0,6.5
4652.0,6.5
4653.0,6.5
4654.0,7.4
4655.0,7.4
4656.0,7.4
4657.0,6.6
4658.0,6.6
4659.0,6.6
4660.0,6.0
4661.0,6.0
4662.0,6.0
4663.0,6.6
4664.0,6.6
4665.0,6.6
4666.0,6.1
4667.0,6.1
4668.0,6.1
4669.0,6.6
4670.0,6.6
4671.0,6.6
4672.0,6.9
4673.0,6.9
4674.0,6.9
4675.0,6.8
4676.0,6.8
4677.0,6.8
4678.0,6.8
4679.0,6.8
4680.0,6.8
4681.0,6.8
4682.0,6.8
4683.0,6.8
4684.0,6.6
4685.0,6.6
4686.0,6.6
4687.0,6.5
4688.0,6.5
4689.0,6.5
4690.0,6.6
4691.0,6.6
4692.0,6.6
4693.0,7.3
4694.0,7.3
4695.0,7.3
4696.0,6.8
4697.0,6.8
4698.0,6.8
4699.0,6.5
4700.0,6.5
4701.0,6.5
4702.0,6.5
4703.0,6.5
4704.0,6.5
4705.0,6.6
4706.0,6.6
4707.0,6.6
4708.0,7.0
4709.0,7.0
4710.0,7.0
4711.0,6.5
4712.0,6.5
4713.0,6.5
4714.0,6.9
4715.0,6.9
4716.0,6.9
4717.0,6.5
4718.0,6.5
4719.0,6.5
4720.0,6.4
4721.0,6.4
4722.0,6.4
4723.0,7.0
4724.0,7.0
4725.0,7.0
4726.0,6.5
4727.0,6.5
4728.0,6.5
4729.0,6.8
4730.0,6.8
4731.0,6.8
4732.0,6.6
4733.0,6.6
4734.0,6.6
4735.0,6.5
4736.0,6.5
4737.0,6.5
4738.0,6.8
4739.0,6.8
4740.0,6.8
4741.0,6.6
4742.0,6.6
4743.0,6.6
4744.0,6.4
4745.0,6.4
4746.0,6.4
4747.0,6.8
4748.0,6.8
4749.0,6.8
4750.0,6.8
4751.0,6.8
4752.0,6.8
4753.0,7.0
4754.0,7.0
4755.0,7.0
4756.0,6.3
4757.0,6.3
4758.0,6.3
4759.0,6.8
4760.0,6.8
4761.0,6.8
4762.0,7.1
4763.0,7.1
4764.0,7.1
4765.0,6.6
4766.0,6.6
4767.0,6.6
4768.0,6.9
4769.0,6.9
4770.0,6.9
4771.0,6.8
4772.0,6.8
4773.0,6.8
4774.0,7.5
4775.0,7.5
4776.0,7.5
4777.0,6.1
4778.0,6.1
4779.0,6.1
4780.0,7.1
4781.0,7.1
4782.0,7.1
4783.0,6.6
4784.0,6.6
4785.0,6.6
4786.0,7.3
4787.0,7.3
4788.0,7.3
4789.0,7.1
4790.0,7.1
4791.0,7.1
4792.0,6.0
4793.0,6.0
4794.0,6.0
4795.0,6.8
4796.0,6.8
4797.0,6.8
4798.0,6.8
4799.0,6.8
4800.0,6.8
4801.0,7.0
4802.0,7.0
4803.0,7.0
4804.0,7.0
4805.0,7.0
4806.0,7.0
4807.0,6.6
4808.0,6.6
4809.0,6.6
4810.0,6.9
4811.0,6.9
4812.0,6.9
4813.0,6.5
4814.0,6.5
4815.0,6.5
4816.0,7.0
4817.0,7.0
4818.0,7.0
4819.0,6.6
4820.0,6.6
4821.0,6.6
4822.0,6.8
4823.0,6.8
4824.0,6.8
4825.0,6.6
4826.0,6.6
4827.0,6.6
4828.0,6.4
4829.0,6.4
4830.0,6.4
4831.0,6.8
4832.0,6.8
4833.0,6.8
4834.0,6.5
4835.0,6.5
4836.0,6.5
4837.0,7.8
4838.0,7.8
4839.0,7.8
4840.0,8.3
4841.0,8.3
4842.0,8.3
4843.0,8.6
4844.0,8.6
4845.0,8.6
4846.0,8.3
4847.0,8.3
4848.0,8.3
4849.0,7.8
4850.0,7.8
4851.0,7.8
4852.0,8.6
4853.0,8.6
4854.0,8.6
4855.0,8.5
4856.0,8.5
4857.0,8.5
4858.0,8.3
4859.0,8.3
4860.0,8.3
4861.0,8.3
4862.0,8.3
4863.0,8.3
4864.0,8.6
4865.0,8.6
4866.0,8.6
4867.0,8.3
4868.0,8.3
4869.0,8.3
4870.0,8.1
4871.0,8.1
4872.0,8.1
4873.0,8.5
4874.0,8.5
4875.0,8.5
4876.0,8.3
4877.0,8.3
4878.0,8.3
4879.0,8.3
4880.0,8.3
4881.0,8.3
4882.0,8.3
4883.0,8.3
4884.0,8.3
4885.0,8.6
4886.0,8.6
4887.0,8.6
4888.0,8.3
4889.0,8.3
4890.0,8.3
4891.0,8.5
4892.0,8.5
4893.0,8.5
4894.0,8.1
4895.0,8.1
4896.0,8.1
4897.0,8.8
4898.0,8.8
4899.0,8.8
4900.0,8.0
4901.0,8.0
4902.0,8.0
4903.0,8.1
4904.0,8.1
4905.0,8.1
4906.0,7.9
4907.0,7.9
4908.0,7.9
4909.0,7.9
4910.0,7.9
4911.0,7.9
4912.0,8.1
4913.0,8.1
4914.0,8.1
4915.0,8.3
4916.0,8.3
4917.0,8.3
4918.0,8.6
4919.0,8.6
4920.0,8.6
4921.0,8.1
4922.0,8.1
4923.0,8.1
4924.0,8.3
4925.0,8.3
4926.0,8.3
4927.0,8.3
4928.0,8.3
4929.0,8.3
4930.0,8.3
4931.0,8.3
4932.0,8.3
4933.0,8.3
4934.0,8.3
4935.0,8.3
4936.0,7.9
4937.0,7.9
4938.0,7.9
4939.0,8.3
4940.0,8.3
4941.0,8.3
4942.0,8.3
4943.0,8.3
4944.0,8.3
4945.0,7.9
4946.0,7.9
4947.0,7.9
4948.0,8.1
4949.0,8.1
4950.0,8.1
4951.0,8.6
4952.0,8.6
4953.0,8.6
4954.0,8.3
4955.0,8.3
4956.0,8.3
4957.0,8.6
4958.0,8.6
4959.0,8.6
4960.0,8.6
4961.0,8.6
4962.0,8.6
4963.0,9.0
4964.0,9.0
4965.0,9.0
4966.0,9.1
4967.0,9.1
4968.0,9.1
4969.0,8.6
4970.0,8.6
4971.0,8.6
4972.0,8.8
4973.0,8.8
4974.0,8.8
4975.0,8.8
4976.0,8.8
4977.0,8.8
4978.0,8.3
4979.0,8.3
4980.0,8.3
4981.0,7.9
4982.0,7.9
4983.0,7.9
4984.0,8.3
4985.0,8.3
4986.0,8.3
4987.0,8.8
4988.0,8.8
4989.0,8.8
4990.0,8.6
4991.0,8.6
4992.0,8.6
4993.0,8.3
4994.0,8.3
4995.0,8.3
4996.0,9.1
4997.0,9.1
4998.0,9.1
4999.0,8.8
5000.0,8.8
5001.0,8.8
5002.0,8.3
5003.0,8.3
5004.0,8.3
5005.0,8.8
5006.0,8.8
5007.0,8.8
5008.0,8.6
5009.0,8.6
5010.0,8.6
5011.0,8.8
5012.0,8.8
5013.0,8.8
5014.0,8.6
5015.0,8.6
5016.0,8.6
5017.0,8.5
5018.0,8.5
5019.0,8.5
5020.0,8.6
5021.0,8.6
5022.0,8.6
5023.0,8.8
5024.0,8.8
5025.0,8.8
5026.0,8.6
5027.0,8.6
5028.0,8.6
5029.0,8.3
5030.0,8.3
5031.0,8.3
5032.0,8.8
5033.0,8.8
5034.0,8.8
5035.0,8.8
5036.0,8.8
5037.0,8.8
5038.0,8.6
5039.0,8.6
5040.0,8.6
5041.0,8.8
5042.0,8.8
5043.0,8.8
5044.0,8.6
5045.0,8.6
5046.0,8.6
5047.0,8.3
5048.0,8.3
5049.0,8.3
5050.0,8.6
5051.0,8.6
5052.0,8.6
5053.0,8.6
5054.0,8.6
5055.0,8.6
5056.0,8.1
5057.0,8.1
5058.0,8.1
5059.0,9.0
5060.0,9.0
5061.0,9.0
5062.0,9.1
5063.0,9.1
5064.0,9.1
5065.0,10.0
5066.0,10.0
5067.0,10.0
5068.0,9.3
5069.0,9.3
5070.0,9.3
5071.0,9.5
5072.0,9.5
5073.0,9.5
5074.0,9.3
5075.0,9.3
5076.0,9.3
5077.0,9.8
5078.0,9.8
5079.0,9.8
5080.0,9.5
5081.0,9.5
5082.0,9.5
5083.0,10.0
5084.0,10.0
5085.0,10.0
5086.0,10.1
5087.0,10.1
5088.0,10.1
5089.0,10.0
5090.0,10.0
5091.0,10.0
5092.0,10.5
5093.0,10.5
5094.0,10.5
5095.0,9.6
5096.0,9.6
5097.0,9.6
5098.0,9.8
5099.0,9.8
5100.0,9.8
5101.0,10.0
5102.0,10.0
5103.0,10.0
5104.0,9.8
5105.0,9.8
5106.0,9.8
5107.0,9.6
5108.0,9.6
5109.0,9.6
5110.0,10.1
5111.0,10.1
5112.0,10.1
5113.0,9.8
5114.0,9.8
5115.0,9.8
5116.0,10.3
5117.0,10.3
5118.0,10.3
5119.0,10.5
5120.0,10.5
5121.0,10.5
5122.0,9.8
5123.0,9.8
5124.0,9.8
5125.0,10.0
5126.0,10.0
5127.0,10.0
5128.0,9.8
5129.0,9.8
5130.0,9.8
5131.0,10.1
5132.0,10.1
5133.0,10.1
5134.0,9.8
5135.0,9.8
5136.0,9.8
5137.0,9.8
5138.0,9.8
5139.0,9.8
5140.0,10.1
5141.0,10.1
5142.0,10.1
5143.0,10.1
5144.0,10.1
5145.0,10.1
5146.0,10.1
5147.0,10.1
5148.0,10.1
5149.0,10.0
5150.0,10.0
5151.0,10.0
5152.0,9.8
5153.0,9.8
5154.0,9.8
5155.0,9.8
5156.0,9.8
5157.0,9.8
5158.0,9.8
5159.0,9.8
5160.0,9.8
5161.0,10.3
5162.0,10.3
5163.0,10.3
5164.0,10.6
5165.0,10.6
5166.0,10.6
5167.0,10.3
5168.0,10.3
5169.0,10.3
5170.0,10.3
5171.0,10.3
5172.0,10.3
5173.0,10.6
5174.0,10.6
5175.0,10.6
5176.0,10.1
5177.0,10.1
5178.0,10.1
5179.0,10.0
5180.0,10.0
5181.0,10.0
5182.0,10.1
5183.0,10.1
5184.0,10.1
5185.0,10.1
5186.0,10.1
5187.0,10.1
5188.0,10.5
5189.0,10.5
5190.0,10.5
5191.0,9.8
5192.0,9.8
5193.0,9.8
5194.0,10.1
5195.0,10.1
5196.0,10.1
5197.0,10.5
5198.0,10.5
5199.0,10.5
5200.0,10.1
5201.0,10.1
5202.0,10.1
5203.0,10.3
5204.0,10.3
5205.0,10.3
5206.0,9.8
5207.0,9.8
5208.0,9.8
5209.0,10.5
5210.0,10.5
5211.0,10.5
5212.0,10.6
5213.0,10.6
5214.0,10.6
5215.0,9.6
5216.0,9.6
5217.0,9.6
5218.0,9.6
5219.0,9.6
5220.0,9.6
5221.0,10.1
5222.0,10.1
5223.0,10.1
5224.0,10.1
5225.0,10.1
5226.0,10.1
5227.0,10.1
5228.0,10.1
5229.0,10.1
5230.0,10.5
5231.0,10.5
5232.0,10.5
5233.0,9.8
5234.0,9.8
5235.0,9.8
5236.0,9.6
5237.0,9.6
5238.0,9.6
5239.0,9.5
5240.0,9.5
5241.0,9.5
5242.0,9.6
5243.0,9.6
5244.0,9.6
5245.0,9.6
5246.0,9.6
5247.0,9.6
5248.0,10.0
5249.0,10.0
5250.0,10.0
5251.0,10.1
5252.0,10.1
5253.0,10.1
5254.0,10.1
5255.0,10.1
5256.0,10.1
5257.0,9.8
5258.0,9.8
5259.0,9.8
5260.0,10.0
5261.0,10.0
5262.0,10.0
5263.0,10.1
5264.0,10.1
5265.0,10.1
5266.0,10.6
5267.0,10.6
5268.0,10.6
5269.0,9.8
5270.0,9.8
5271.0,9.8
5272.0,9.8
5273.0,9.8
5274.0,9.8
5275.0,10.1
5276.0,10.1
5277.0,10.1
5278.0,10.1
5279.0,10.1
5280.0,10.1
5281.0,9.5
5282.0,9.5
5283.0,9.5
5284.0,9.6
5285.0,9.6
5286.0,9.6
5287.0,10.1
5288.0,10.1
5289.0,10.1
5290.0,10.1
5291.0,10.1
5292.0,10.1
5293.0,10.1
5294.0,10.1
5295.0,10.1
5296.0,10.3
5297.0,10.3
5298.0,10.3
5299.0,10.1
5300.0,10.1
5301.0,10.1
5302.0,9.6
5303.0,9.6
5304.0,9.6
5305.0,10.8
5306.0,10.8
5307.0,10.8
5308.0,11.1
5309.0,11.1
5310.0,11.1
5311.0,11.1
5312.0,11.1
5313.0,11.1
5314.0,11.1
5315.0,11.1
5316.0,11.1
5317.0,11.1
5318.0,11.1
5319.0,11.1
5320.0,11.1
5321.0,11.1
5322.0,11.1
5323.0,11.3
5324.0,11.3
5325.0,11.3
5326.0,11.3
5327.0,11.3
5328.0,11.3
5329.0,10.8
5330.0,10.8
5331.0,10.8
5332.0,11.1
5333.0,11.1
5334.0,11.1
5335.0,11.1
5336.0,11.1
5337.0,11.1
5338.0,10.8
5339.0,10.8
5340.0,10.8
5341.0,11.1
5342.0,11.1
5343.0,11.1
5344.0,11.3
5345.0,11.3
5346.0,11.3
5347.0,11.3
5348.0,11.3
5349.0,11.3
5350.0,11.3
5351.0,11.3
5352.0,11.3
5353.0,11.3
5354.0,11.3
5355.0,11.3
5356.0,10.8
5357.0,10.8
5358.0,10.8
5359.0,11.1
5360.0,11.1
5361.0,11.1
5362.0,11.3
5363.0,11.3
5364.0,11.3
5365.0,11.1
5366.0,11.1
5367.0,11.1
5368.0,10.6
5369.0,10.6
5370.0,10.6
5371.0,11.3
5372.0,11.3
5373.0,11.3
5374.0,11.3
5375.0,11.3
5376.0,11.3
5377.0,11.1
5378.0,11.1
5379.0,11.1
5380.0,11.8
5381.0,11.8
5382.0,11.8
5383.0,11.1
5384.0,11.1
5385.0,11.1
5386.0,11.3
5387.0,11.3
5388.0,11.3
5389.0,11.5
5390.0,11.5
5391.0,11.5
5392.0,11.5
5393.0,11.5
5394.0,11.5
5395.0,12.0
5396.0,12.0
5397.0,12.0
5398.0,11.6
5399.0,11.6
5400.0,11.6
5401.0,11.5
5402.0,11.5
5403.0,11.5
5404.0,11.3
5405.0,11.3
5406.0,11.3
5407.0,11.8
5408.0,11.8
5409.0,11.8
5410.0,11.8
5411.0,11.8
5412.0,11.8
5413.0,11.6
5414.0,11.6
5415.0,11.6
5416.0,11.3
5417.0,11.3
5418.0,11.3
5419.0,11.6
5420.0,11.6
5421.0,11.6
5422.0,12.0
5423.0,12.0
5424.0,12.0
5425.0,11.3
5426.0,11.3
5427.0,11.3
5428.0,11.6
5429.0,11.6
5430.0,11.6
5431.0,11.5
5432.0,11.5
5433.0,11.5
5434.0,11.3
5435.0,11.3
5436.0,11.3
5437.0,11.3
5438.0,11.3
5439.0,11.3
5440.0,11.5
5441.0,11.5
5442.0,11.5
5443.0,11.6
5444.0,11.6
5445.0,11.6
5446.0,11.3
5447.0,11.3
5448.0,11.3
5449.0,11.8
5450.0,11.8
5451.0,11.8
5452.0,11.6
5453.0,11.6
5454.0,11.6
5455.0,11.3
5456.0,11.3
5457.0,11.3
5458.0,11.5
5459.0,11.5
5460.0,11.5
5461.0,11.3
5462.0,11.3
5463.0,11.3
5464.0,11.8
5465.0,11.8
5466.0,11.8
5467.0,11.5
5468.0,11.5
5469.0,11.5
5470.0,11.3
5471.0,11.3
5472.0,11.3
5473.0,11.8
5474.0,11.8
5475.0,11.8
5476.0,11.1
5477.0,11.1
5478.0,11.1
5479.0,11.8
5480.0,11.8
5481.0,11.8
5482.0,11.5
5483.0,11.5
5484.0,11.5
5485.0,11.5
5486.0,11.5
5487.0,11.5
5488.0,11.3
5489.0,11.3
5490.0,11.3
5491.0,11.0
5492.0,11.0
5493.0,11.0
5494.0,11.8
5495.0,11.8
5496.0,11.8
5497.0,11.6
5498.0,11.6
5499.0,11.6
5500.0,11.8
5501.0,11.8
5502.0,11.8
5503.0,11.8
5504.0,11.8
5505.0,11.8
5506.0,11.8
5507.0,11.8
5508.0,11.8
5509.0,11.8
5510.0,11.8
5511.0,11.8
5512.0,11.5
5513.0,11.5
5514.0,11.5
5515.0,11.1
5516.0,11.1
5517.0,11.1
5518.0,11.3
5519.0,11.3
5520.0,11.3
5521.0,11.6
5522.0,11.6
5523.0,11.6
5524.0,11.5
5525.0,11.5
5526.0,11.5
5527.0,12.0
5528.0,12.0
5529.0,12.0
5530.0,11.3
5531.0,11.3
5532.0,11.3
5533.0,11.1
5534.0,11.1
5535.0,11.1
5536.0,11.3
5537.0,11.3
5538.0,11.3
5539.0,11.8
5540.0,11.8
5541.0,11.8
5542.0,11.8
5543.0,11.8
5544.0,11.8
5545.0,12.1
5546.0,12.1
5547.0,12.1
5548.0,12.5
5549.0,12.5
5550.0,12.5
5551.0,12.1
5552.0,12.1
5553.0,12.1
5554.0,12.1
5555.0,12.1
5556.0,12.1
5557.0,12.8
5558.0,12.8
5559.0,12.8
5560.0,12.3
5561.0,12.3
5562.0,12.3
5563.0,12.0
5564.0,12.0
5565.0,12.0
5566.0,12.3
5567.0,12.3
5568.0,12.3
5569.0,12.3
5570.0,12.3
5571.0,12.3
5572.0,12.8
5573.0,12.8
5574.0,12.8
5575.0,12.3
5576.0,12.3
5577.0,12.3
5578.0,12.5
5579.0,12.5
5580.0,12.5
5581.0,12.5
5582.0,12.5
5583.0,12.5
5584.0,12.3
5585.0,12.3
5586.0,12.3
5587.0,12.3
5588.0,12.3
5589.0,12.3
5590.0,12.5
5591.0,12.5
5592.0,12.5
5593.0,12.6
5594.0,12.6
5595.0,12.6
5596.0,12.3
5597.0,12.3
5598.0,12.3
5599.0,12.8
5600.0,12.8
5601.0,12.8
5602.0,12.5
5603.0,12.5
5604.0,12.5
5605.0,12.0
5606.0,12.0
5607.0,12.0
5608.0,12.8
5609.0,12.8
5610.0,12.8
5611.0,12.6
5612.0,12.6
5613.0,12.6
5614.0,12.8
5615.0,12.8
5616.0,12.8
5617.0,12.5
5618.0,12.5
5619.0,12.5
5620.0,12.3
5621.0,12.3
5622.0,12.3
5623.0,12.8
5624.0,12.8
5625.0,12.8
5626.0,12.6
5627.0,12.6
5628.0,12.6
5629.0,12.8
5630.0,12.8
5631.0,12.8
5632.0,12.5
5633.0,12.5
5634.0,12.5
5635.0,12.1
5636.0,12.1
5637.0,12.1
5638.0,12.3
5639.0,12.3
5640.0,12.3
5641.0,12.1
5642.0,12.1
5643.0,12.1
5644.0,12.5
5645.0,12.5
5646.0,12.5
5647.0,12.6
5648.0,12.6
5649.0,12.6
5650.0,13.3
5651.0,13.3
5652.0,13.3
5653.0,12.8
5654.0,12.8
5655.0,12.8
5656.0,12.6
5657.0,12.6
5658.0,12.6
5659.0,12.3
5660.0,12.3
5661.0,12.3
5662.0,12.5
5663.0,12.5
5664.0,12.5
5665.0,12.6
5666.0,12.6
5667.0,12.6
5668.0,12.0
5669.0,12.0
5670.0,12.0
5671.0,12.3
5672.0,12.3
5673.0,12.3
5674.0,12.3
5675.0,12.3
5676.0,12.3
5677.0,12.5
5678.0,12.5
5679.0,12.5
5680.0,12.3
5681.0,12.3
5682.0,12.3
5683.0,12.8
5684.0,12.8
5685.0,12.8
5686.0,12.8
5687.0,12.8
5688.0,12.8
5689.0,12.5
5690.0,12.5
5691.0,12.5
5692.0,12.3
5693.0,12.3
5694.0,12.3
5695.0,12.1
5696.0,12.1
5697.0,12.1
5698.0,12.3
5699.0,12.3
5700.0,12.3
5701.0,12.3
5702.0,12.3
5703.0,12.3
5704.0,12.5
5705.0,12.5
5706.0,12.5
5707.0,12.8
5708.0,12.8
5709.0,12.8
5710.0,12.3
5711.0,12.3
5712.0,12.3
5713.0,12.8
5714.0,12.8
5715.0,12.8
5716.0,12.6
5717.0,12.6
5718.0,12.6
5719.0,12.5
5720.0,12.5
5721.0,12.5
5722.0,12.5
5723.0,12.5
5724.0,12.5
5725.0,12.3
5726.0,12.3
5727.0,12.3
5728.0,12.1
5729.0,12.1
5730.0,12.1
5731.0,12.6
5732.0,12.6
5733.0,12.6
5734.0,12.0
5735.0,12.0
5736.0,12.0
5737.0,12.3
5738.0,12.3
5739.0,12.3
5740.0,12.6
5741.0,12.6
5742.0,12.6
5743.0,12.6
5744.0,12.6
5745.0,12.6
5746.0,12.3
5747.0,12.3
5748.0,12.3
5749.0,12.6
5750.0,12.6
5751.0,12.6
5752.0,12.3
5753.0,12.3
5754.0,12.3
5755.0,12.6
5756.0,12.6
5757.0,12.6
5758.0,12.8
5759.0,12.8
5760.0,12.8
5761.0,12.6
5762.0,12.6
5763.0,12.6
5764.0,13.1
5765.0,13.1
5766.0,13.1
5767.0,12.3
5768.0,12.3
5769.0,12.3
5770.0,12.6
5771.0,12.6
5772.0,12.6
5773.0,12.6
5774.0,12.6
5775.0,12.6
5776.0,12.8
5777.0,12.8
5778.0,12.8
5779.0,12.0
5780.0,12.0
5781.0,12.0
5782.0,12.3
5783.0,12.3
5784.0,12.3
5785.0,11.8
5786.0,11.8
5787.0,11.8
5788.0,12.3
5789.0,12.3
5790.0,12.3
5791.0,11.8
5792.0,11.8
5793.0,11.8
5794.0,11.8
5795.0,11.8
5796.0,11.8
5797.0,11.6
5798.0,11.6
5799.0,11.6
5800.0,11.6
5801.0,11.6
5802.0,11.6
5803.0,12.3
5804.0,12.3
5805.0,12.3
5806.0,12.1
5807.0,12.1
5808.0,12.1
5809.0,12.1
5810.0,12.1
5811.0,12.1
5812.0,12.3
5813.0,12.3
5814.0,12.3
5815.0,11.6
5816.0,11.6
5817.0,11.6
5818.0,11.6
5819.0,11.6
5820.0,11.6
5821.0,11.3
5822.0,11.3
5823.0,11.3
5824.0,12.1
5825.0,12.1
5826.0,12.1
5827.0,11.8
5828.0,11.8
5829.0,11.8
5830.0,11.8
5831.0,11.8
5832.0,11.8
5833.0,11.5
5834.0,11.5
5835.0,11.5
5836.0,11.8
5837.0,11.8
5838.0,11.8
5839.0,12.0
5840.0,12.0
5841.0,12.0
5842.0,11.8
5843.0,11.8
5844.0,11.8
5845.0,11.8
5846.0,11.8
5847.0,11.8
5848.0,11.8
5849.0,11.8
5850.0,11.8
5851.0,11.5
5852.0,11.5
5853.0,11.5
5854.0,11.8
5855.0,11.8
5856.0,11.8
5857.0,11.8
5858.0,11.8
5859.0,11.8
5860.0,11.6
5861.0,11.6
5862.0,11.6
5863.0,12.3
5864.0,12.3
5865.0,12.3
5866.0,11.8
5867.0,11.8
5868.0,11.8
5869.0,12.3
5870.0,12.3
5871.0,12.3
5872.0,12.0
5873.0,12.0
5874.0,12.0
5875.0,11.6
5876.0,11.6
5877.0,11.6
5878.0,12.1
5879.0,12.1
5880.0,12.1
5881.0,11.3
5882.0,11.3
5883.0,11.3
5884.0,11.1
5885.0,11.1
5886.0,11.1
5887.0,11.8
5888.0,11.8
5889.0,11.8
5890.0,11.8
5891.0,11.8
5892.0,11.8
5893.0,11.8
5894.0,11.8
5895.0,11.8
5896.0,12.1
5897.0,12.1
5898.0,12.1
5899.0,11.5
5900.0,11.5
5901.0,11.5
5902.0,12.1
5903.0,12.1
5904.0,12.1
5905.0,12.0
5906.0,12.0
5907.0,12.0
5908.0,11.8
5909.0,11.8
5910.0,11.8
5911.0,12.0
5912.0,12.0
5913.0,12.0
5914.0,11.8
5915.0,11.8
5916.0,11.8
5917.0,11.8
5918.0,11.8
5919.0,11.8
5920.0,11.6
5921.0,11.6
5922.0,11.6
5923.0,11.5
5924.0,11.5
5925.0,11.5
5926.0,11.6
5927.0,11.6
5928.0,11.6
5929.0,11.8
5930.0,11.8
5931.0,11.8
5932.0,11.8
5933.0,11.8
5934.0,11.8
5935.0,11.6
5936.0,11.6
5937.0,11.6
5938.0,11.8
5939.0,11.8
5940.0,11.8
5941.0,11.8
5942.0,11.8
5943.0,11.8
5944.0,11.3
5945.0,11.3
5946.0,11.3
5947.0,11.5
5948.0,11.5
5949.0,11.5
5950.0,12.0
5951.0,12.0
5952.0,12.0
5953.0,11.5
5954.0,11.5
5955.0,11.5
5956.0,11.8
5957.0,11.8
5958.0,11.8
5959.0,11.5
5960.0,11.5
5961.0,11.5
5962.0,11.8
5963.0,11.8
5964.0,11.8
5965.0,11.3
5966.0,11.3
5967.0,11.3
5968.0,11.5
5969.0,11.5
5970.0,11.5
5971.0,11.8
5972.0,11.8
5973.0,11.8
5974.0,11.8
5975.0,11.8
5976.0,11.8
5977.0,12.1
5978.0,12.1
5979.0,12.1
5980.0,11.3
5981.0,11.3
5982.0,11.3
5983.0,12.1
5984.0,12.1
5985.0,12.1
5986.0,11.6
5987.0,11.6
5988.0,11.6
5989.0,11.3
5990.0,11.3
5991.0,11.3
5992.0,12.1
5993.0,12.1
5994.0,12.1
5995.0,12.3
5996.0,12.3
5997.0,12.3
5998.0,12.1
5999.0,12.1
6000.0,12.1
6001.0,11.6
6002.0,11.6
6003.0,11.6
6004.0,12.1
6005.0,12.1
6006.0,12.1
6007.0,12.0
6008.0,12.0
6009.0,12.0
6010.0,11.8
6011.0,11.8
6012.0,11.8
6013.0,11.8
6014.0,11.8
6015.0,11.8
6016.0,12.0
6017.0,12.0
6018.0,12.0
6019.0,12.0
6020.0,12.0
6021.0,12.0
6022.0,11.8
6023.0,11.8
6024.0,11.8
6025.0,12.1
6026.0,12.1
6027.0,12.1
6028.0,11.8
6029.0,11.8
6030.0,11.8
6031.0,11.8
6032.0,11.8
6033.0,11.8
6034.0,11.6
6035.0,11.6
6036.0,11.6
6037.0,11.6
6038.0,11.6
6039.0,11.6
6040.0,11.6
6041.0,11.6
6042.0,11.6
6043.0,12.0
6044.0,12.0
6045.0,12.0
6046.0,11.6
6047.0,11.6
6048.0,11.6
6049.0,11.8
6050.0,11.8
6051.0,11.8
6052.0,11.5
6053.0,11.5
6054.0,11.5
6055.0,12.0
6056.0,12.0
6057.0,12.0
6058.0,12.3
6059.0,12.3
6060.0,12.3
6061.0,11.6
6062.0,11.6
6063.0,11.6
6064.0,11.8
6065.0,11.8
6066.0,11.8
6067.0,11.5
6068.0,11.5
6069.0,11.5
6070.0,11.6
6071.0,11.6
6072.0,11.6
6073.0,11.6
6074.0,11.6
6075.0,11.6
6076.0,12.5
6077.0,12.5
6078.0,12.5
6079.0,12.1
6080.0,12.1
6081.0,12.1
6082.0,12.0
6083.0,12.0
6084.0,12.0
6085.0,11.6
6086.0,11.6
6087.0,11.6
6088.0,11.8
6089.0,11.8
6090.0,11.8
6091.0,10.8
6092.0,10.8
6093.0,10.8
6094.0,10.6
6095.0,10.6
6096.0,10.6
6097.0,10.8
6098.0,10.8
6099.0,10.8
6100.0,9.8
6101.0,9.8
6102.0,9.8
6103.0,10.3
6104.0,10.3
6105.0,10.3
6106.0,10.1
6107.0,10.1
6108.0,10.1
6109.0,9.8
6110.0,9.8
6111.0,9.8
6112.0,10.0
6113.0,10.0
6114.0,10.0
6115.0,10.1
6116.0,10.1
6117.0,10.1
6118.0,10.3
6119.0,10.3
6120.0,10.3
6121.0,10.1
6122.0,10.1
6123.0,10.1
6124.0,10.6
6125.0,10.6
6126.0,10.6
6127.0,10.5
6128.0,10.5
6129.0,10.5
6130.0,10.1
6131.0,10.1
6132.0,10.1
6133.0,10.1
6134.0,10.1
6135.0,10.1
6136.0,10.3
6137.0,10.3
6138.0,10.3
6139.0,10.3
6140.0,10.3
6141.0,10.3
6142.0,10.5
6143.0,10.5
6144.0,10.5
6145.0,9.6
6146.0,9.6
6147.0,9.6
6148.0,10.1
6149.0,10.1
6150.0,10.1
6151.0,10.6
6152.0,10.6
6153.0,10.6
6154.0,10.5
6155.0,10.5
6156.0,10.5
6157.0,10.8
6158.0,10.8
6159.0,10.8
6160.0,10.6
6161.0,10.6
6162.0,10.6
6163.0,10.3
6164.0,10.3
6165.0,10.3
6166.0,9.8
6167.0,9.8
6168.0,9.8
6169.0,10.6
6170.0,10.6
6171.0,10.6
6172.0,10.0
6173.0,10.0
6174.0,10.0
6175.0,10.0
6176.0,10.0
6177.0,10.0
6178.0,10.5
6179.0,10.5
6180.0,10.5
6181.0,10.3
6182.0,10.3
6183.0,10.3
6184.0,10.0
6185.0,10.0
6186.0,10.0
6187.0,10.1
6188.0,10.1
6189.0,10.1
6190.0,10.8
6191.0,10.8
6192.0,10.8
6193.0,10.3
6194.0,10.3
6195.0,10.3
6196.0,9.6
6197.0,9.6
6198.0,9.6
6199.0,9.8
6200.0,9.8
6201.0,9.8
6202.0,10.3
6203.0,10.3
6204.0,10.3
6205.0,10.5
6206.0,10.5
6207.0,10.5
6208.0,10.8
6209.0,10.8
6210.0,10.8
6211.0,10.1
6212.0,10.1
6213.0,10.1
6214.0,10.5
6215.0,10.5
6216.0,10.5
6217.0,10.1
6218.0,10.1
6219.0,10.1
6220.0,10.1
6221.0,10.1
6222.0,10.1
6223.0,10.0
6224.0,10.0
6225.0,10.0
6226.0,10.6
6227.0,10.6
6228.0,10.6
6229.0,10.6
6230.0,10.6
6231.0,10.6
6232.0,10.5
6233.0,10.5
6234.0,10.5
6235.0,10.0
6236.0,10.0
6237.0,10.0
6238.0,10.1
6239.0,10.1
6240.0,10.1
6241.0,10.3
6242.0,10.3
6243.0,10.3
6244.0,10.1
6245.0,10.1
6246.0,10.1
6247.0,10.0
6248.0,10.0
6249.0,10.0
6250.0,10.6
6251.0,10.6
6252.0,10.6
6253.0,9.8
6254.0,9.8
6255.0,9.8
6256.0,10.3
6257.0,10.3
6258.0,10.3
6259.0,10.0
6260.0,10.0
6261.0,10.0
6262.0,9.6
6263.0,9.6
6264.0,9.6
6265.0,9.6
6266.0,9.6
6267.0,9.6
6268.0,9.3
6269.0,9.3
6270.0,9.3
6271.0,9.6
6272.0,9.6
6273.0,9.6
6274.0,9.6
6275.0,9.6
6276.0,9.6
6277.0,9.5
6278.0,9.5
6279.0,9.5
6280.0,10.0
6281.0,10.0
6282.0,10.0
6283.0,10.0
6284.0,10.0
6285.0,10.0
6286.0,9.8
6287.0,9.8
6288.0,9.8
6289.0,10.3
6290.0,10.3
6291.0,10.3
6292.0,9.8
6293.0,9.8
6294.0,9.8
6295.0,9.6
6296.0,9.6
6297.0,9.6
6298.0,9.8
6299.0,9.8
6300.0,9.8
6301.0,9.6
6302.0,9.6
6303.0,9.6
6304.0,9.6
6305.0,9.6
6306.0,9.6
6307.0,10.1
6308.0,10.1
6309.0,10.1
6310.0,9.8
6311.0,9.8
6312.0,9.8
6313.0,9.6
6314.0,9.6
6315.0,9.6
6316.0,9.8
6317.0,9.8
6318.0,9.8
6319.0,9.5
6320.0,9.5
6321.0,9.5
6322.0,9.6
6323.0,9.6
6324.0,9.6
6325.0,9.6
6326.0,9.6
6327.0,9.6
6328.0,9.6
6329.0,9.6
6330.0,9.6
6331.0,10.0
6332.0,10.0
6333.0,10.0
6334.0,10.0
6335.0,10.0
6336.0,10.0
6337.0,9.5
6338.0,9.5
6339.0,9.5
6340.0,9.6
6341.0,9.6
6342.0,9.6
6343.0,9.6
6344.0,9.6
6345.0,9.6
6346.0,9.6
6347.0,9.6
6348.0,9.6
6349.0,9.8
6350.0,9.8
6351.0,9.8
6352.0,9.5
6353.0,9.5
6354.0,9.5
6355.0,10.5
6356.0,10.5
6357.0,10.5
6358.0,10.1
6359.0,10.1
6360.0,10.1
6361.0,9.6
6362.0,9.6
6363.0,9.6
6364.0,9.0
6365.0,9.0
6366.0,9.0
6367.0,9.3
6368.0,9.3
6369.0,9.3
6370.0,10.1
6371.0,10.1
6372.0,10.1
6373.0,9.3
6374.0,9.3
6375.0,9.3
6376.0,10.0
6377.0,10.0
6378.0,10.0
6379.0,9.6
6380.0,9.6
6381.0,9.6
6382.0,9.6
6383.0,9.6
6384.0,9.6
6385.0,9.8
6386.0,9.8
6387.0,9.8
6388.0,9.5
6389.0,9.5
6390.0,9.5
6391.0,9.6
6392.0,9.6
6393.0,9.6
6394.0,9.5
6395.0,9.5
6396.0,9.5
6397.0,10.0
6398.0,10.0
6399.0,10.0
6400.0,9.6
6401.0,9.6
6402.0,9.6
6403.0,10.3
6404.0,10.3
6405.0,10.3
6406.0,10.0
6407.0,10.0
6408.0,10.0
6409.0,10.1
6410.0,10.1
6411.0,10.1
6412.0,10.0
6413.0,10.0
6414.0,10.0
6415.0,9.3
6416.0,9.3
6417.0,9.3
6418.0,10.1
6419.0,10.1
6420.0,10.1
6421.0,9.5
6422.0,9.5
6423.0,9.5
6424.0,9.6
6425.0,9.6
6426.0,9.6
6427.0,9.3
6428.0,9.3
6429.0,9.3
6430.0,10.0
6431.0,10.0
6432.0,10.0
6433.0,9.6
6434.0,9.6
6435.0,9.6
6436.0,10.1
6437.0,10.1
6438.0,10.1
6439.0,9.6
6440.0,9.6
6441.0,9.6
6442.0,10.1
6443.0,10.1
6444.0,10.1
6445.0,9.6
6446.0,9.6
6447.0,9.6
6448.0,9.8
6449.0,9.8
6450.0,9.8
6451.0,9.6
6452.0,9.6
6453.0,9.6
6454.0,10.1
6455.0,10.1
6456.0,10.1
6457.0,9.3
6458.0,9.3
6459.0,9.3
6460.0,10.1
6461.0,10.1
6462.0,10.1
6463.0,9.8
6464.0,9.8
6465.0,9.8
6466.0,9.8
6467.0,9.8
6468.0,9.8
6469.0,9.8
6470.0,9.8
6471.0,9.8
6472.0,9.8
6473.0,9.8
6474.0,9.8
6475.0,9.8
6476.0,9.8
6477.0,9.8
6478.0,10.1
6479.0,10.1
6480.0,10.1
6481.0,9.8
6482.0,9.8
6483.0,9.8
6484.0,9.6
6485.0,9.6
6486.0,9.6
6487.0,9.8
6488.0,9.8
6489.0,9.8
6490.0,9.6
6491.0,9.6
6492.0,9.6
6493.0,10.1
6494.0,10.1
6495.0,10.1
6496.0,9.6
6497.0,9.6
6498.0,9.6
6499.0,10.3
6500.0,10.3
6501.0,10.3
6502.0,9.0
6503.0,9.0
6504.0,9.0
6505.0,8.5
6506.0,8.5
6507.0,8.5
6508.0,8.8
6509.0,8.8
6510.0,8.8
6511.0,9.1
6512.0,9.1
6513.0,9.1
6514.0,8.6
6515.0,8.6
6516.0,8.6
6517.0,8.8
6518.0,8.8
6519.0,8.8
6520.0,9.0
6521.0,9.0
6522.0,9.0
6523.0,9.1
6524.0,9.1
6525.0,9.1
6526.0,8.8
6527.0,8.8
6528.0,8.8
6529.0,8.5
6530.0,8.5
6531.0,8.5
6532.0,9.1
6533.0,9.1
6534.0,9.1
6535.0,8.8
6536.0,8.8
6537.0,8.8
6538.0,9.0
6539.0,9.0
6540.0,9.0
6541.0,9.0
6542.0,9.0
6543.0,9.0
6544.0,8.8
6545.0,8.8
6546.0,8.8
6547.0,9.3
6548.0,9.3
6549.0,9.3
6550.0,8.8
6551.0,8.8
6552.0,8.8
6553.0,8.6
6554.0,8.6
6555.0,8.6
6556.0,8.5
6557.0,8.5
6558.0,8.5
6559.0,9.1
6560.0,9.1
6561.0,9.1
6562.0,8.6
6563.0,8.6
6564.0,8.6
6565.0,8.6
6566.0,8.6
6567.0,8.6
6568.0,8.8
6569.0,8.8
6570.0,8.8
6571.0,8.6
6572.0,8.6
6573.0,8.6
6574.0,9.0
6575.0,9.0
6576.0,9.0
6577.0,8.6
6578.0,8.6
6579.0,8.6
6580.0,8.6
6581.0,8.6
6582.0,8.6
6583.0,8.6
6584.0,8.6
6585.0,8.6
6586.0,8.8
6587.0,8.8
6588.0,8.8
6589.0,8.8
6590.0,8.8
6591.0,8.8
6592.0,8.6
6593.0,8.6
6594.0,8.6
6595.0,8.6
6596.0,8.6
6597.0,8.6
6598.0,8.6
6599.0,8.6
6600.0,8.6
6601.0,8.8
6602.0,8.8
6603.0,8.8
6604.0,8.6
6605.0,8.6
6606.0,8.6
6607.0,8.8
6608.0,8.8
6609.0,8.8
6610.0,8.8
6611.0,8.8
6612.0,8.8
6613.0,9.5
6614.0,9.5
6615.0,9.5
6616.0,8.8
6617.0,8.8
6618.0,8.8
6619.0,8.6
6620.0,8.6
6621.0,8.6
6622.0,9.3
6623.0,9.3
6624.0,9.3
6625.0,8.8
6626.0,8.8
6627.0,8.8
6628.0,9.1
6629.0,9.1
6630.0,9.1
6631.0,9.1
6632.0,9.1
6633.0,9.1
6634.0,8.6
6635.0,8.6
6636.0,8.6
6637.0,8.6
6638.0,8.6
6639.0,8.6
6640.0,8.8
6641.0,8.8
6642.0,8.8
6643.0,8.8
6644.0,8.8
6645.0,8.8
6646.0,9.1
6647.0,9.1
6648.0,9.1
6649.0,8.8
6650.0,8.8
6651.0,8.8
6652.0,8.8
6653.0,8.8
6654.0,8.8
6655.0,8.8
6656.0,8.8
6657.0,8.8
6658.0,8.6
6659.0,8.6
6660.0,8.6
6661.0,8.8
6662.0,8.8
6663.0,8.8
6664.0,8.8
6665.0,8.8
6666.0,8.8
6667.0,9.1
6668.0,9.1
6669.0,9.1
6670.0,8.8
6671.0,8.8
6672.0,8.8
6673.0,8.8
6674.0,8.8
6675.0,8.8
6676.0,9.1
6677.0,9.1
6678.0,9.1
6679.0,8.6
6680.0,8.6
6681.0,8.6
6682.0,8.6
6683.0,8.6
6684.0,8.6
6685.0,9.0
6686.0,9.0
6687.0,9.0
6688.0,8.8
6689.0,8.8
6690.0,8.8
6691.0,8.8
6692.0,8.8
6693.0,8.8
6694.0,9.1
6695.0,9.1
6696.0,9.1
6697.0,8.8
6698.0,8.8
6699.0,8.8
6700.0,9.1
6701.0,9.1
6702.0,9.1
6703.0,8.6
6704.0,8.6
6705.0,8.6
6706.0,8.8
6707.0,8.8
6708.0,8.8
6709.0,9.1
6710.0,9.1
6711.0,9.1
6712.0,9.3
6713.0,9.3
6714.0,9.3
6715.0,9.0
6716.0,9.0
6717.0,9.0
6718.0,9.0
6719.0,9.0
6720.0,9.0
6721.0,9.0
6722.0,9.0
6723.0,9.0
6724.0,8.8
6725.0,8.8
6726.0,8.8
6727.0,8.8
6728.0,8.8
6729.0,8.8
6730.0,9.5
6731.0,9.5
6732.0,9.5
6733.0,8.6
6734.0,8.6
6735.0,8.6
6736.0,9.0
6737.0,9.0
6738.0,9.0
6739.0,8.8
6740.0,8.8
6741.0,8.8
6742.0,8.8
6743.0,8.8
6744.0,8.8
6745.0,9.1
6746.0,9.1
6747.0,9.1
6748.0,7.5
6749.0,7.5
6750.0,7.5
6751.0,8.1
6752.0,8.1
6753.0,8.1
6754.0,8.3
6755.0,8.3
6756.0,8.3
6757.0,8.3
6758.0,8.3
6759.0,8.3
6760.0,7.9
6761.0,7.9
6762.0,7.9
6763.0,8.1
6764.0,8.1
6765.0,8.1
6766.0,8.3
6767.0,8.3
6768.0,8.3
6769.0,7.9
6770.0,7.9
6771.0,7.9
6772.0,7.8
6773.0,7.8
6774.0,7.8
6775.0,7.8
6776.0,7.8
6777.0,7.8
6778.0,8.3
6779.0,8.3
6780.0,8.3
6781.0,7.9
6782.0,7.9
6783.0,7.9
6784.0,8.1
6785.0,8.1
6786.0,8.1
6787.0,7.9
6788.0,7.9
6789.0,7.9
6790.0,7.9
6791.0,7.9
6792.0,7.9
6793.0,8.3
6794.0,8.3
6795.0,8.3
6796.0,8.6
6797.0,8.6
6798.0,8.6
6799.0,8.1
6800.0,8.1
6801.0,8.1
6802.0,7.5
6803.0,7.5
6804.0,7.5
6805.0,8.1
6806.0,8.1
6807.0,8.1
6808.0,8.3
6809.0,8.3
6810.0,8.3
6811.0,7.5
6812.0,7.5
6813.0,7.5
6814.0,7.5
6815.0,7.5
6816.0,7.5
6817.0,8.3
6818.0,8.3
6819.0,8.3
6820.0,8.1
6821.0,8.1
6822.0,8.1
6823.0,8.1
6824.0,8.1
6825.0,8.1
6826.0,8.1
6827.0,8.1
6828.0,8.1
6829.0,7.8
6830.0,7.8
6831.0,7.8
6832.0,7.9
6833.0,7.9
6834.0,7.9
6835.0,8.3
6836.0,8.3
6837.0,8.3
6838.0,7.8
6839.0,7.8
6840.0,7.8
6841.0,7.8
6842.0,7.8
6843.0,7.8
6844.0,8.1
6845.0,8.1
6846.0,8.1
6847.0,7.9
6848.0,7.9
6849.0,7.9
6850.0,8.5
6851.0,8.5
6852.0,8.5
6853.0,8.3
6854.0,8.3
6855.0,8.3
6856.0,7.9
6857.0,7.9
6858.0,7.9
6859.0,8.1
6860.0,8.1
6861.0,8.1
6862.0,8.1
6863.0,8.1
6864.0,8.1
6865.0,8.1
6866.0,8.1
6867.0,8.1
6868.0,8.3
6869.0,8.3
6870.0,8.3
6871.0,7.8
6872.0,7.8
6873.0,7.8
6874.0,7.9
6875.0,7.9
6876.0,7.9
6877.0,7.6
6878.0,7.6
6879.0,7.6
6880.0,8.1
6881.0,8.1
6882.0,8.1
6883.0,7.5
6884.0,7.5
6885.0,7.5
6886.0,8.3
6887.0,8.3
6888.0,8.3
6889.0,8.3
6890.0,8.3
6891.0,8.3
6892.0,8.3
6893.0,8.3
6894.0,8.3
6895.0,8.1
6896.0,8.1
6897.0,8.1
6898.0,8.0
6899.0,8.0
6900.0,8.0
6901.0,8.1
6902.0,8.1
6903.0,8.1
6904.0,8.0
6905.0,8.0
6906.0,8.0
6907.0,8.3
6908.0,8.3
6909.0,8.3
6910.0,7.5
6911.0,7.5
6912.0,7.5
6913.0,8.3
6914.0,8.3
6915.0,8.3
6916.0,8.5
6917.0,8.5
6918.0,8.5
6919.0,8.3
6920.0,8.3
6921.0,8.3
6922.0,7.9
6923.0,7.9
6924.0,7.9
6925.0,8.3
6926.0,8.3
6927.0,8.3
6928.0,8.3
6929.0,8.3
6930.0,8.3
6931.0,8.1
6932.0,8.1
6933.0,8.1
6934.0,8.6
6935.0,8.6
6936.0,8.6
6937.0,7.8
6938.0,7.8
6939.0,7.8
6940.0,8.0
6941.0,8.0
6942.0,8.0
6943.0,7.8
6944.0,7.8
6945.0,7.8
6946.0,8.3
6947.0,8.3
6948.0,8.3
6949.0,7.9
6950.0,7.9
6951.0,7.9
6952.0,7.8
6953.0,7.8
6954.0,7.8
6955.0,7.9
6956.0,7.9
6957.0,7.9
6958.0,8.1
6959.0,8.1
6960.0,8.1
6961.0,7.8
6962.0,7.8
6963.0,7.8
6964.0,8.1
6965.0,8.1
6966.0,8.1
6967.0,8.3
6968.0,8.3
6969.0,8.3
6970.0,8.1
6971.0,8.1
6972.0,8.1
6973.0,7.6
6974.0,7.6
6975.0,7.6
6976.0,8.3
6977.0,8.3
6978.0,8.3
6979.0,8.1
6980.0,8.1
6981.0,8.1
6982.0,7.8
6983.0,7.8
6984.0,7.8
6985.0,6.9
6986.0,6.9
6987.0,6.9
6988.0,6.6
6989.0,6.6
6990.0,6.6
6991.0,6.0
6992.0,6.0
6993.0,6.0
6994.0,7.0
6995.0,7.0
6996.0,7.0
6997.0,6.6
6998.0,6.6
6999.0,6.6
7000.0,7.0
7001.0,7.0
7002.0,7.0
7003.0,7.0
7004.0,7.0
7005.0,7.0
7006.0,7.3
7007.0,7.3
7008.0,7.3
7009.0,6.4
7010.0,6.4
7011.0,6.4
7012.0,6.6
7013.0,6.6
7014.0,6.6
7015.0,6.5
7016.0,6.5
7017.0,6.5
7018.0,6.5
7019.0,6.5
7020.0,6.5
7021.0,6.6
7022.0,6.6
7023.0,6.6
7024.0,7.0
7025.0,7.0
7026.0,7.0
7027.0,6.9
7028.0,6.9
7029.0,6.9
7030.0,6.5
7031.0,6.5
7032.0,6.5
7033.0,6.3
7034.0,6.3
7035.0,6.3
7036.0,6.9
7037.0,6.9
7038.0,6.9
7039.0,6.6
7040.0,6.6
7041.0,6.6
7042.0,7.0
7043.0,7.0
7044.0,7.0
7045.0,7.0
7046.0,7.0
7047.0,7.0
7048.0,6.8
7049.0,6.8
7050.0,6.8
7051.0,7.0
7052.0,7.0
7053.0,7.0
7054.0,7.0
7055.0,7.0
7056.0,7.0
7057.0,6.9
7058.0,6.9
7059.0,6.9
7060.0,6.5
7061.0,6.5
7062.0,6.5
7063.0,7.3
7064.0,7.3
7065.0,7.3
7066.0,7.0
7067.0,7.0
7068.0,7.0
7069.0,7.0
7070.0,7.0
7071.0,7.0
7072.0,6.5
7073.0,6.5
7074.0,6.5
7075.0,7.0
7076.0,7.0
7077.0,7.0
7078.0,6.4
7079.0,6.4
7080.0,6.4
7081.0,7.5
7082.0,7.5
7083.0,7.5
7084.0,6.6
7085.0,6.6
7086.0,6.6
7087.0,6.4
7088.0,6.4
7089.0,6.4
7090.0,6.4
7091.0,6.4
7092.0,6.4
7093.0,6.5
7094.0,6.5
7095.0,6.5
7096.0,6.5
7097.0,6.5
7098.0,6.5
7099.0,6.8
7100.0,6.8
7101.0,6.8
7102.0,6.8
7103.0,6.8
7104.0,6.8
7105.0,7.0
7106.0,7.0
7107.0,7.0
7108.0,6.8
7109.0,6.8
7110.0,6.8
7111.0,6.6
7112.0,6.6
7113.0,6.6
7114.0,7.0
7115.0,7.0
7116.0,7.0
7117.0,6.5
7118.0,6.5
7119.0,6.5
7120.0,7.0
7121.0,7.0
7122.0,7.0
7123.0,6.5
7124.0,6.5
7125.0,6.5
7126.0,6.5
7127.0,6.5
7128.0,6.5
7129.0,6.1
7130.0,6.1
7131.0,6.1
7132.0,7.0
7133.0,7.0
7134.0,7.0
7135.0,6.5
7136.0,6.5
7137.0,6.5
7138.0,6.3
7139.0,6.3
7140.0,6.3
7141.0,6.6
7142.0,6.6
7143.0,6.6
7144.0,6.6
7145.0,6.6
7146.0,6.6
7147.0,6.9
7148.0,6.9
7149.0,6.9
7150.0,7.1
7151.0,7.1
7152.0,7.1
7153.0,6.5
7154.0,6.5
7155.0,6.5
7156.0,6.8
7157.0,6.8
7158.0,6.8
7159.0,6.4
7160.0,6.4
7161.0,6.4
7162.0,6.5
7163.0,6.5
7164.0,6.5
7165.0,6.9
7166.0,6.9
7167.0,6.9
7168.0,6.4
7169.0,6.4
7170.0,6.4
7171.0,6.9
7172.0,6.9
7173.0,6.9
7174.0,6.8
7175.0,6.8
7176.0,6.8
7177.0,6.3
7178.0,6.3
7179.0,6.3
7180.0,6.5
7181.0,6.5
7182.0,6.5
7183.0,6.1
7184.0,6.1
7185.0,6.1
7186.0,6.6
7187.0,6.6
7188.0,6.6
7189.0,6.8
7190.0,6.8
7191.0,6.8
7192.0,6.8
7193.0,6.8
7194.0,6.8
7195.0,6.6
7196.0,6.6
7197.0,6.6
7198.0,6.5
7199.0,6.5
7200.0,6.5
7201.0,6.5
7202.0,6.5
7203.0,6.5
